9949760;PRJNA567586
5482250;PRJNA451372
5457468;PRJNA450524
8755593;PRJNA556782
9050533;PRJNA566436
10551361;PRJNA548861
7819636;PRJNA542187
9960927;PRJNA567258
8516158;PRJNA539386
8516176;PRJNA539387
11521472;PRJNA616732
8021279;PRJNA547686
8577808;PRJNA554313
9837224;PRJNA564726
7770844;PRJNA540508
7803797;PRJNA541485
8132212;PRJNA542494
7941604;PRJNA545043
7777042;PRJNA538241
8508334;PRJNA539352
5486049;PRJNA454289
5468659;PRJNA453158
8510096;PRJNA553023
5486055;PRJNA454289
9403081;PRJNA564215
9962799;PRJNA566836
8747416;PRJNA557827
11562932;PRJNA616770
7819638;PRJNA542187
8755747;PRJNA558209
9030199;PRJNA539209
9963010;PRJNA566905
8718586;PRJNA557254
9962837;PRJNA566879
8554835;PRJNA552585
9962804;PRJNA566839
9032222;PRJNA539005
11521715;PRJNA616880
8834560;PRJNA558558
9050523;PRJNA566436
5468648;PRJNA453158
10528126;PRJNA544320
9105362;PRJNA544407
8449130;PRJNA552082
9032461;PRJNA538956
9963202;PRJNA566775
5625123;PRJNA551379
8747683;PRJNA557830
9962777;PRJNA566540
8508787;PRJNA553620
9963277;PRJNA566910
7725791;PRJNA535526
7992901;PRJNA545958
7992900;PRJNA545958
9837219;PRJNA564726
9947801;PRJNA567488
8507217;PRJNA539345
7930199;PRJNA544877
7821343;PRJNA539129
9039206;PRJNA539025
8523678;PRJNA539251
10528124;PRJNA544320
8801432;PRJNA558849
9949818;PRJNA567606
10917681;PRJNA547686
7806819;PRJNA539716
8449129;PRJNA552082
9962797;PRJNA566831
7818461;PRJNA542111
9962968;PRJNA566894
8569286;PRJNA539177
5588946;PRJNA450295
9901935;PRJNA567439
7805437;PRJNA537857
8493095;PRJNA552945
7761840;PRJNA540351
9949777;PRJNA567601
8714559;PRJNA556302
8496271;PRJNA552122
8148983;PRJNA549661
7782182;PRJNA539171
8570334;PRJNA555320
8495397;PRJNA539172
8755751;PRJNA558209
7910317;PRJNA544288
8548742;PRJNA539468
7762105;PRJNA540328
9962613;PRJNA566653
9030034;PRJNA540844
8983777;PRJNA563204
7212016;PRJNA450340
7984630;PRJNA545795
7992913;PRJNA545958
8150483;PRJNA549459
7752094;PRJNA540190
8018937;PRJNA547595
9962834;PRJNA566876
9950099;PRJNA567607
9359008;PRJNA561903
8456176;PRJNA552210
9950219;PRJNA567631
8834547;PRJNA558558
8507261;PRJNA539346
7821120;PRJNA539131
5449241;PRJNA450594
8755558;PRJNA557612
7984619;PRJNA545795
9035405;PRJNA539020
8486776;PRJNA538257
9403088;PRJNA564215
9962798;PRJNA566832
8488249;PRJNA545121
9960916;PRJNA567248
11562918;PRJNA616759
8545988;PRJNA554501
8977320;PRJNA564442
7770843;PRJNA540508
7757715;PRJNA540388
5485454;PRJNA450612
9034699;PRJNA538943
9963301;PRJNA567021
7984635;PRJNA545795
8091322;PRJNA548320
8508538;PRJNA539363
8801429;PRJNA558849
8903890;PRJNA562118
7813259;PRJNA535970
7984623;PRJNA545795
9050530;PRJNA566436
9960117;PRJNA567238
9962768;PRJNA566669
8089245;PRJNA548424
7851918;PRJNA542898
7805358;PRJNA537858
8132209;PRJNA542494
8435729;PRJNA545251
9962988;PRJNA566896
8016916;PRJNA545695
9995173;PRJNA566809
9947794;PRJNA567483
8705037;PRJNA549968
7981764;PRJNA544767
8419321;PRJNA550441
9032305;PRJNA539734
7916318;PRJNA544518
9350269;PRJNA559862
8084677;PRJNA548313
7819640;PRJNA542187
8505026;PRJNA539505
7797862;PRJNA541440
7795646;PRJNA539552
5625122;PRJNA551379
8548012;PRJNA539276
8549581;PRJNA666900
8486835;PRJNA538261
8550357;PRJNA553023
8522351;PRJNA554305
8554826;PRJNA552585
8747412;PRJNA557827
9857096;PRJNA566620
9034849;PRJNA539016
5625124;PRJNA551379
8521308;PRJNA539445
7905558;PRJNA543961
11521796;PRJNA616932
8983770;PRJNA563204
8488799;PRJNA538848
9962615;PRJNA566655
8775112;PRJNA553505
8834557;PRJNA558558
7905111;PRJNA543861
9963152;PRJNA566772
5468655;PRJNA453158
8039096;PRJNA544938
5486053;PRJNA454289
8520504;PRJNA539424
9359017;PRJNA561903
8903888;PRJNA562118
7916327;PRJNA544518
8761581;PRJNA553505
5588954;PRJNA450295
8747418;PRJNA557827
7821692;PRJNA539704
8841193;PRJNA552163
8018950;PRJNA547595
5457522;PRJNA450524
334707;PRJNA190002
8842268;PRJNA559967
8548277;PRJNA539291
8435725;PRJNA545251
9403079;PRJNA564215
8091314;PRJNA548320
7780876;PRJNA539647
7860267;PRJNA540094
9030156;PRJNA539197
8518512;PRJNA539407
8506721;PRJNA539514
9962780;PRJNA566542
8554841;PRJNA552585
8729995;PRJNA557331
8832643;PRJNA559904
8926619;PRJNA562529
9039691;PRJNA561675
9403073;PRJNA564215
7920770;PRJNA543603
8148989;PRJNA549661
8510799;PRJNA539371
9963295;PRJNA567122
7821274;PRJNA539137
7211999;PRJNA450340
8488710;PRJNA539603
8456180;PRJNA552210
7992902;PRJNA545958
7860259;PRJNA540094
8730003;PRJNA557331
8519015;PRJNA539419
9888473;PRJNA557323
5625121;PRJNA551379
8755562;PRJNA557612
5605420;PRJNA453965
8545971;PRJNA554501
5588944;PRJNA450295
9039672;PRJNA561675
9032225;PRJNA539007
9857097;PRJNA566621
7984617;PRJNA545795
5468658;PRJNA453158
8554834;PRJNA552585
9403078;PRJNA564215
5453689;PRJNA450709
10551359;PRJNA548861
8488706;PRJNA539597
7984620;PRJNA545795
8508581;PRJNA539367
7819330;PRJNA542133
8494387;PRJNA539612
9027897;PRJNA539188
8548262;PRJNA554866
5482246;PRJNA451372
8523734;PRJNA539253
8016918;PRJNA545695
8410305;PRJNA550037
7941599;PRJNA545043
9960925;PRJNA567253
8488414;PRJNA535898
8775111;PRJNA553505
8867368;PRJNA560333
9359011;PRJNA561903
8705310;PRJNA556819
8522348;PRJNA554305
7795638;PRJNA541222
8536194;PRJNA547860
8755596;PRJNA556782
8419330;PRJNA550441
8435722;PRJNA545251
8132204;PRJNA542494
8496272;PRJNA552122
8494388;PRJNA539613
7905547;PRJNA543961
9041571;PRJNA539062
5457520;PRJNA450524
8522338;PRJNA554305
9039674;PRJNA561675
9995073;PRJNA566791
7790346;PRJNA536013
5453624;PRJNA450709
8010740;PRJNA546571
8124292;PRJNA549032
5355188;PRJNA444979
7819452;PRJNA542144
8834555;PRJNA558558
10528113;PRJNA544320
9050535;PRJNA566436
9963274;PRJNA566780
8084690;PRJNA548313
8977324;PRJNA564442
8518702;PRJNA539411
8148994;PRJNA549661
9039681;PRJNA561675
9950217;PRJNA567629
9015803;PRJNA565518
7860258;PRJNA540094
5486051;PRJNA454289
8536200;PRJNA547860
8832645;PRJNA559904
9891649;PRJNA566931
5410305;PRJNA450540
9901921;PRJNA567582
5412149;PRJNA450618
9034703;PRJNA538941
9403087;PRJNA564215
9837232;PRJNA564726
7819329;PRJNA542133
8772558;PRJNA558040
7783204;PRJNA535986
9963204;PRJNA566774
8016929;PRJNA545695
8554839;PRJNA552585
11562907;PRJNA616748
5482241;PRJNA451372
9962802;PRJNA566834
7992908;PRJNA545958
8577801;PRJNA554313
8597499;PRJNA553534
9901799;PRJNA567451
8567833;PRJNA539174
5485464;PRJNA450612
10551363;PRJNA548861
5491174;PRJNA451226
8449125;PRJNA552082
8125996;PRJNA548995
8747422;PRJNA557827
8548759;PRJNA539471
8506308;PRJNA550260
8009992;PRJNA545410
9027912;PRJNA539187
7860273;PRJNA540094
8521884;PRJNA539462
5625125;PRJNA551379
9962624;PRJNA566664
8508798;PRJNA553620
8154700;PRJNA549353
9648062;PRJNA562498
9031400;PRJNA539215
8039083;PRJNA544938
9857133;PRJNA566636
8510809;PRJNA539377
9947786;PRJNA567464
8126001;PRJNA548995
10528128;PRJNA544320
9901931;PRJNA567580
9350267;PRJNA559862
7794240;PRJNA539674
8132207;PRJNA542494
9963063;PRJNA566765
8597497;PRJNA553534
8010005;PRJNA545410
7752095;PRJNA540190
7916322;PRJNA544518
9963422;PRJNA566922
8148995;PRJNA549661
7793176;PRJNA541010
5453695;PRJNA450709
8126004;PRJNA548995
7790212;PRJNA536003
8577809;PRJNA554313
11555439;PRJNA616735
7821450;PRJNA539156
8834552;PRJNA558558
8775110;PRJNA553505
5485451;PRJNA450612
7789949;PRJNA538416
8494334;PRJNA535937
9044980;PRJNA566399
8412352;PRJNA548133
7794237;PRJNA539672
11562930;PRJNA616765
9359012;PRJNA561903
8129492;PRJNA549255
10551374;PRJNA548861
5449250;PRJNA450594
9039211;PRJNA539035
8775113;PRJNA553505
9031403;PRJNA539219
9041834;PRJNA539085
7777044;PRJNA538240
8522352;PRJNA554305
9901800;PRJNA567448
9044979;PRJNA566399
8910109;PRJNA562285
7886016;PRJNA543713
9044982;PRJNA566399
9648074;PRJNA562498
7819335;PRJNA542133
8448540;PRJNA539311
8154692;PRJNA549353
8834562;PRJNA558558
11576100;PRJNA616702
8925245;PRJNA560474
9035969;PRJNA538974
10551370;PRJNA548861
7886758;PRJNA542627
5625128;PRJNA551379
7885953;PRJNA543713
8937961;PRJNA563008
8495070;PRJNA537843
8523681;PRJNA539247
8516746;PRJNA539392
7790815;PRJNA536043
9648078;PRJNA562498
9962784;PRJNA566547
9641302;PRJNA557323
7920769;PRJNA543603
9034708;PRJNA538946
8755753;PRJNA558209
8435717;PRJNA545251
7781039;PRJNA539652
9080161;PRJNA561193
7886012;PRJNA543713
8523733;PRJNA539252
7819637;PRJNA542187
8517797;PRJNA552855
5429975;PRJNA444902
9888478;PRJNA557323
7860272;PRJNA540094
8925243;PRJNA560474
9947777;PRJNA567485
7825208;PRJNA539529
7886021;PRJNA543713
8554110;PRJNA555079
5449237;PRJNA450594
8977318;PRJNA564442
8508335;PRJNA539355
9998896;PRJNA566978
8983775;PRJNA563204
5354830;PRJNA444969
7851931;PRJNA542898
8903895;PRJNA562118
8983779;PRJNA563204
8578417;PRJNA555609
7905554;PRJNA543961
8449132;PRJNA552082
10551375;PRJNA548861
7794349;PRJNA539687
8506314;PRJNA550260
8549583;PRJNA666900
7805240;PRJNA537851
8106405;PRJNA547591
7819444;PRJNA542144
5453479;PRJNA451377
8841201;PRJNA552163
5486066;PRJNA454289
9949817;PRJNA567604
9034352;PRJNA538951
5588939;PRJNA450295
9962800;PRJNA566844
7905115;PRJNA543861
9036004;PRJNA538977
8448566;PRJNA539315
9857143;PRJNA566641
7816907;PRJNA542210
8435713;PRJNA545251
7825254;PRJNA539541
8834553;PRJNA558558
7809995;PRJNA535963
5410314;PRJNA450540
8705055;PRJNA549968
9032462;PRJNA538969
7813358;PRJNA535972
8139274;PRJNA549312
10528117;PRJNA544320
7916330;PRJNA544518
9901917;PRJNA567435
5453652;PRJNA450709
7757727;PRJNA540388
7821125;PRJNA539130
11521800;PRJNA616933
7819454;PRJNA542144
9319565;PRJNA561995
8419322;PRJNA550441
5411170;PRJNA450119
7905565;PRJNA543961
8506302;PRJNA550260
9050519;PRJNA566436
9403077;PRJNA564215
8705313;PRJNA556819
7797874;PRJNA541440
8520806;PRJNA539432
7777085;PRJNA538265
7886763;PRJNA542627
7770855;PRJNA540508
11521729;PRJNA616898
9901804;PRJNA567446
8926628;PRJNA562529
7910314;PRJNA544288
7984626;PRJNA545795
7797876;PRJNA541440
8772564;PRJNA558040
5453632;PRJNA450709
8536193;PRJNA547860
8747675;PRJNA557830
8018942;PRJNA547595
8139273;PRJNA549312
8548023;PRJNA539285
9962805;PRJNA566838
8977923;PRJNA564462
9029510;PRJNA565937
8154689;PRJNA549353
7789762;PRJNA541100
8132213;PRJNA542494
9995126;PRJNA566797
7806464;PRJNA539724
8910098;PRJNA562285
8834549;PRJNA558558
8495049;PRJNA539619
8039084;PRJNA544938
8493099;PRJNA552945
8519018;PRJNA539417
8548713;PRJNA539307
8925235;PRJNA560474
9350275;PRJNA559862
11563035;PRJNA616785
7770847;PRJNA540508
8106395;PRJNA547591
7725792;PRJNA535526
8132201;PRJNA542494
8554121;PRJNA555079
9963278;PRJNA566743
7757721;PRJNA540388
5486054;PRJNA454289
8977909;PRJNA564462
7798306;PRJNA539582
9962616;PRJNA566657
8904172;PRJNA561450
5453476;PRJNA451377
8545901;PRJNA539283
7984622;PRJNA545795
7818107;PRJNA539629
10917677;PRJNA547686
7797860;PRJNA541440
5486056;PRJNA454289
7905552;PRJNA543961
8842262;PRJNA559967
7825207;PRJNA539527
9963012;PRJNA566904
8493094;PRJNA552945
8494364;PRJNA535939
7851926;PRJNA542898
9962980;PRJNA566892
5453481;PRJNA451377
8508794;PRJNA553620
9962986;PRJNA566891
7916331;PRJNA544518
8523677;PRJNA539250
7819628;PRJNA542187
9039145;PRJNA538981
7757729;PRJNA540388
8577797;PRJNA554313
8519035;PRJNA539421
5429882;PRJNA444898
7790585;PRJNA536032
7819642;PRJNA542187
8009999;PRJNA545410
10917682;PRJNA547686
7800515;PRJNA535946
8488255;PRJNA545121
8488773;PRJNA538840
5449234;PRJNA450594
8010742;PRJNA546571
9962876;PRJNA566883
5468667;PRJNA453158
11521470;PRJNA616731
8841198;PRJNA552163
11562936;PRJNA616771
7819331;PRJNA542133
5449249;PRJNA450594
9857130;PRJNA566633
5410300;PRJNA450540
7860265;PRJNA540094
8488247;PRJNA545121
7819260;PRJNA539115
8493081;PRJNA552945
8925210;PRJNA560178
8705040;PRJNA549968
9962769;PRJNA566671
9648070;PRJNA562498
8554842;PRJNA552585
8834551;PRJNA558558
8977323;PRJNA564442
9030193;PRJNA539206
5411179;PRJNA450122
9359006;PRJNA561903
9041479;PRJNA539055
7777156;PRJNA538271
8506307;PRJNA550260
8718585;PRJNA557254
9039677;PRJNA561675
11555557;PRJNA616738
8449140;PRJNA552082
8084681;PRJNA548313
8912956;PRJNA562087
5412150;PRJNA450618
5485466;PRJNA450612
8132210;PRJNA542494
8903884;PRJNA562118
5453745;PRJNA450709
7761837;PRJNA540340
7789761;PRJNA541100
7837348;PRJNA541820
7886751;PRJNA542627
10528111;PRJNA544320
8154694;PRJNA549353
7916320;PRJNA544518
7821446;PRJNA539154
5491177;PRJNA451226
8597498;PRJNA553534
9950177;PRJNA567618
7851923;PRJNA542898
7725803;PRJNA535526
5588948;PRJNA450295
7789763;PRJNA541100
9960921;PRJNA567251
8495036;PRJNA539618
8801431;PRJNA558849
8150487;PRJNA549459
9901922;PRJNA567581
5411183;PRJNA450116
8747679;PRJNA557830
9080164;PRJNA561193
8834564;PRJNA558558
11562948;PRJNA616777
8554836;PRJNA552585
9995123;PRJNA566796
9901934;PRJNA567441
10528127;PRJNA544320
8554116;PRJNA555079
9962771;PRJNA566538
9080155;PRJNA561193
7797936;PRJNA539579
8562806;PRJNA539491
7776984;PRJNA539634
7796433;PRJNA539587
8139271;PRJNA549312
8521398;PRJNA539450
9648072;PRJNA562498
9015801;PRJNA565518
7860274;PRJNA540094
8555304;PRJNA539487
5449246;PRJNA450594
9350265;PRJNA559862
5489897;PRJNA454077
7992903;PRJNA545958
9949775;PRJNA567602
8494330;PRJNA535931
7818431;PRJNA539098
9044970;PRJNA566399
9032458;PRJNA538963
8449131;PRJNA552082
9031608;PRJNA538990
7825253;PRJNA539540
9995124;PRJNA566795
336248;PRJNA190601
9962983;PRJNA566890
8449525;PRJNA539320
9962788;PRJNA566826
8834550;PRJNA558558
8873205;PRJNA560663
8834566;PRJNA558558
9962793;PRJNA566551
7816911;PRJNA542210