10078716;PRJNA567609;SRR11069761
10079387;PRJNA567020;SRR11070432
10086284;PRJNA566924;SRR11076227
10528116;PRJNA544320;SRR11513790
10528118;PRJNA544320;SRR11513788
10528120;PRJNA544320;SRR11513786
10528125;PRJNA544320;SRR11513781
10551357;PRJNA548861;SRR11530719
10551362;PRJNA548861;SRR11530714
10551364;PRJNA548861;SRR11530712
10551365;PRJNA548861;SRR11530711
10917673;PRJNA547686;SRR11848382
10917676;PRJNA547686;SRR11848379
10917678;PRJNA547686;SRR11848377
10917683;PRJNA547686;SRR11848372
10917684;PRJNA547686;SRR11848371
11521461;PRJNA616723;SRR12363480
11521462;PRJNA616724;SRR12363481
11521465;PRJNA616726;SRR12363484
11521731;PRJNA616889;SRR12363750
11521737;PRJNA616892;SRR12363744
11521743;PRJNA616887;SRR12363738
11521745;PRJNA616890;SRR12363736
11521746;PRJNA616885;SRR12363735
11521748;PRJNA616884;SRR12363733
11521749;PRJNA616883;SRR12363732
11521797;PRJNA616931;SRR12363869
11521805;PRJNA616934;SRR12363861
11555769;PRJNA616741;SRR12391687
11555935;PRJNA616742;SRR12391864
11562833;PRJNA616746;SRR12396624
11562906;PRJNA616747;SRR12396697
11562912;PRJNA616749;SRR12396703
11562924;PRJNA616762;SRR12396715
11562925;PRJNA616761;SRR12396716
11562928;PRJNA616768;SRR12396719
11562947;PRJNA616778;SRR12396738
11563019;PRJNA616784;SRR12396810
11576068;PRJNA616701;SRR12411064
279982;PRJNA182269;SRR620527
30867;PRJNA51951;SRR065707
30868;PRJNA51951;SRR065708
333762;PRJNA189999;SRR747868
5355178;PRJNA444975;SRR6958472
5361648;PRJNA444916;SRR6962693
5410302;PRJNA450540;SRR7013963
5410307;PRJNA450540;SRR7013958
5410309;PRJNA450540;SRR7013956
5410316;PRJNA450540;SRR7013949
5410317;PRJNA450540;SRR7013948
5411173;PRJNA450126;SRR7014898
5411177;PRJNA450115;SRR7014894
5411180;PRJNA450123;SRR7014891
5411188;PRJNA450124;SRR7014883
5412139;PRJNA450618;SRR7015968
5412141;PRJNA450618;SRR7015966
5412143;PRJNA450618;SRR7015964
5412148;PRJNA450618;SRR7015959
5412154;PRJNA450618;SRR7015953
5427066;PRJNA444890;SRR7028531
5429269;PRJNA444893;SRR7030503
5429883;PRJNA444897;SRR7031253
5429884;PRJNA444896;SRR7031254
5429887;PRJNA444901;SRR7031257
5429917;PRJNA444900;SRR7031287
5430127;PRJNA444906;SRR7031497
5430871;PRJNA444905;SRR7032241
5449233;PRJNA450594;SRR7051139
5449240;PRJNA450594;SRR7051132
5449247;PRJNA450594;SRR7051125
5449248;PRJNA450594;SRR7051124
5449251;PRJNA450594;SRR7051121
5449252;PRJNA450594;SRR7051120
5453468;PRJNA451377;SRR7054599
5453472;PRJNA451377;SRR7054595
5453473;PRJNA451377;SRR7054594
5453475;PRJNA451377;SRR7054592
5453477;PRJNA451377;SRR7054590
5453478;PRJNA451377;SRR7054589
5453486;PRJNA451377;SRR7054581
5453668;PRJNA450709;SRR7054816
5453720;PRJNA450709;SRR7054764
5453737;PRJNA450709;SRR7054747
5453743;PRJNA450709;SRR7054741
5453761;PRJNA450709;SRR7054723
5453773;PRJNA450709;SRR7054711
5453789;PRJNA450709;SRR7054695
5468649;PRJNA453158;SRR7067585
5468653;PRJNA453158;SRR7067581
5468654;PRJNA453158;SRR7067580
5468656;PRJNA453158;SRR7067578
5468662;PRJNA453158;SRR7067572
5468666;PRJNA453158;SRR7067568
5482253;PRJNA451372;SRR7080758
5482258;PRJNA451372;SRR7080753
5485460;PRJNA450612;SRR7083319
5486050;PRJNA454289;SRR7083960
5486052;PRJNA454289;SRR7083958
5486058;PRJNA454289;SRR7083952
5486062;PRJNA454289;SRR7083948
5486063;PRJNA454289;SRR7083947
5491170;PRJNA451226;SRR7087835
5491171;PRJNA451226;SRR7087834
5491179;PRJNA451226;SRR7087826
5491184;PRJNA451226;SRR7087821
5491186;PRJNA451226;SRR7087819
5491187;PRJNA451226;SRR7087818
5514860;PRJNA453459;SRR7110403
5568448;PRJNA450884;SRR7164733
5588949;PRJNA450295;SRR7186476
5588955;PRJNA450295;SRR7186470
5605408;PRJNA453965;SRR7212579
5605409;PRJNA453965;SRR7212578
5605412;PRJNA453965;SRR7212575
5605414;PRJNA453965;SRR7212573
5605423;PRJNA453965;SRR7212564
5605425;PRJNA453965;SRR7212562
5625108;PRJNA551379;SRR7232417
5625119;PRJNA551379;SRR7232449
5625126;PRJNA551379;SRR7232442
5625127;PRJNA551379;SRR7232441
6494483;PRJNA444977;SRR7976139
671014;PRJNA64033;SRR1182527
7212000;PRJNA450340;SRR8534051
7212002;PRJNA450340;SRR8534049
7212004;PRJNA450340;SRR8534047
7212006;PRJNA450340;SRR8534045
7212008;PRJNA450340;SRR8534043
7212017;PRJNA450340;SRR8534034
7212018;PRJNA450340;SRR8534033
7725796;PRJNA535526;SRR8958138
7725797;PRJNA535526;SRR8958137
7725799;PRJNA535526;SRR8958135
7729786;PRJNA539872;SRR8962170
7729788;PRJNA539872;SRR8962168
7752086;PRJNA540190;SRR8983335
7752089;PRJNA540190;SRR8983332
7752093;PRJNA540190;SRR8983328
7752097;PRJNA540190;SRR8983324
7757725;PRJNA540388;SRR8988869
7761810;PRJNA540343;SRR8993021
7761835;PRJNA540353;SRR8993046
7761843;PRJNA540332;SRR8993054
7761848;PRJNA540336;SRR8993059
7762113;PRJNA540327;SRR8993324
7770839;PRJNA540508;SRR9001248
7770853;PRJNA540508;SRR9001234
7775498;PRJNA538197;SRR9003207
7775500;PRJNA538198;SRR9003209
7775502;PRJNA539632;SRR9003212
7776986;PRJNA539635;SRR9005026
7777041;PRJNA538239;SRR9005082
7777079;PRJNA538246;SRR9005124
7777080;PRJNA538263;SRR9005125
7777086;PRJNA538270;SRR9005131
7777172;PRJNA538281;SRR9005224
7777174;PRJNA538282;SRR9005226
7777175;PRJNA538285;SRR9005227
7780018;PRJNA538296;SRR9006460
7780212;PRJNA539637;SRR9006655
7780261;PRJNA539639;SRR9006729
7780335;PRJNA539638;SRR9006805
7781005;PRJNA539649;SRR9007462
7781036;PRJNA539650;SRR9007493
7781307;PRJNA539659;SRR9007827
7782197;PRJNA535981;SRR9008751
7782204;PRJNA535982;SRR9008758
7782365;PRJNA536112;SRR9008931
7782367;PRJNA536111;SRR9008929
7782370;PRJNA536109;SRR9008926
7782375;PRJNA535844;SRR9008921
7782378;PRJNA535846;SRR9008918
7783199;PRJNA535993;SRR9009767
7783202;PRJNA535989;SRR9009764
7783206;PRJNA535983;SRR9009760
7783207;PRJNA535996;SRR9009759
7783209;PRJNA535990;SRR9009757
7789757;PRJNA541100;SRR9015599
7789943;PRJNA538414;SRR9015780
7789950;PRJNA538416;SRR9015787
7789982;PRJNA538419;SRR9015820
7789983;PRJNA538418;SRR9015821
7790174;PRJNA538421;SRR9016012
7790179;PRJNA538422;SRR9016017
7790214;PRJNA536006;SRR9016052
7790306;PRJNA536009;SRR9016144
7790307;PRJNA536010;SRR9016145
7790414;PRJNA536012;SRR9016252
7790447;PRJNA536021;SRR9016285
7790448;PRJNA536018;SRR9016286
7790450;PRJNA536022;SRR9016288
7790471;PRJNA536027;SRR9016309
7790594;PRJNA536034;SRR9016432
7790670;PRJNA536033;SRR9016508
7790672;PRJNA536036;SRR9016510
7790786;PRJNA536038;SRR9016624
7793168;PRJNA541010;SRR9018572
7793169;PRJNA541010;SRR9018571
7793171;PRJNA541010;SRR9018569
7793174;PRJNA541010;SRR9018566
7793177;PRJNA541010;SRR9018563
7793178;PRJNA541010;SRR9018562
7793179;PRJNA541010;SRR9018561
7793180;PRJNA541010;SRR9018560
7793187;PRJNA541010;SRR9018553
7794253;PRJNA539677;SRR9019654
7794312;PRJNA539676;SRR9019725
7795558;PRJNA539554;SRR9020976
7795560;PRJNA539550;SRR9020979
7795636;PRJNA541222;SRR9021053
7795639;PRJNA539555;SRR9021057
7795656;PRJNA539559;SRR9021074
7795686;PRJNA539561;SRR9021105
7795695;PRJNA539567;SRR9021113
7795697;PRJNA539568;SRR9021115
7795699;PRJNA539566;SRR9021117
7795831;PRJNA539573;SRR9021249
7796418;PRJNA539586;SRR9021691
7796435;PRJNA539590;SRR9021708
7797859;PRJNA541440;SRR9023178
7797863;PRJNA541440;SRR9023174
7797864;PRJNA541440;SRR9023173
7797865;PRJNA541440;SRR9023172
7797866;PRJNA541440;SRR9023171
7797867;PRJNA541440;SRR9023170
7797868;PRJNA541440;SRR9023169
7797872;PRJNA541440;SRR9023165
7800591;PRJNA539626;SRR9025829
7803788;PRJNA541485;SRR9029140
7803791;PRJNA541485;SRR9029137
7803794;PRJNA541485;SRR9029134
7805438;PRJNA537853;SRR9030887
7806500;PRJNA535951;SRR9031948
7806627;PRJNA539709;SRR9032075
7806810;PRJNA539713;SRR9032258
7807061;PRJNA539717;SRR9032509
7807654;PRJNA539723;SRR9032694
7808546;PRJNA535955;SRR9033586
7809956;PRJNA535961;SRR9034342
7812821;PRJNA535966;SRR9034683
7812877;PRJNA535968;SRR9034739
7813350;PRJNA535974;SRR9035212
7814495;PRJNA539168;SRR9036306
7814606;PRJNA539170;SRR9036418
7816906;PRJNA542210;SRR9038725
7818189;PRJNA539694;SRR9040002
7818267;PRJNA539094;SRR9040098
7818451;PRJNA542111;SRR9040295
7818452;PRJNA542111;SRR9040294
7818456;PRJNA542111;SRR9040290
7818458;PRJNA542111;SRR9040288
7818507;PRJNA539101;SRR9040338
7818544;PRJNA539102;SRR9040375
7818845;PRJNA539107;SRR9040676
7819224;PRJNA539116;SRR9041087
7819337;PRJNA542133;SRR9041172
7819338;PRJNA542133;SRR9041171
7819339;PRJNA542133;SRR9041170
7819361;PRJNA539118;SRR9041211
7819449;PRJNA542144;SRR9041225
7819451;PRJNA542144;SRR9041223
7819460;PRJNA542144;SRR9041214
7819461;PRJNA542144;SRR9041213
7819611;PRJNA539120;SRR9041460
7819626;PRJNA542187;SRR9041480
7819630;PRJNA542187;SRR9041476
7819639;PRJNA542187;SRR9041467
7819644;PRJNA542187;SRR9041462
7821122;PRJNA539132;SRR9043529
7821254;PRJNA539134;SRR9043661
7821289;PRJNA539141;SRR9043696
7821293;PRJNA539143;SRR9043700
7821300;PRJNA539147;SRR9043707
7821304;PRJNA539149;SRR9043711
7821451;PRJNA539155;SRR9043858
7821455;PRJNA539699;SRR9043862
7821686;PRJNA539702;SRR9044093
7821690;PRJNA539703;SRR9044097
7824670;PRJNA539072;SRR9045293
7824691;PRJNA539075;SRR9045298
7824692;PRJNA535873;SRR9045299
7825212;PRJNA539528;SRR9045819
7825256;PRJNA539543;SRR9045863
7851919;PRJNA542898;SRR9066135
7851920;PRJNA542898;SRR9066134
7851925;PRJNA542898;SRR9066129
7851927;PRJNA542898;SRR9066127
7851929;PRJNA542898;SRR9066125
7860260;PRJNA540094;SRR9074932
7860262;PRJNA540094;SRR9074930
7860266;PRJNA540094;SRR9074926
7860268;PRJNA540094;SRR9074924
7886005;PRJNA543713;SRR9098278
7886007;PRJNA543713;SRR9098276
7886008;PRJNA543713;SRR9098275
7886009;PRJNA543713;SRR9098274
7886013;PRJNA543713;SRR9098270
7886014;PRJNA543713;SRR9098269
7886017;PRJNA543713;SRR9098266
7886018;PRJNA543713;SRR9098265
7886019;PRJNA543713;SRR9098264
7886020;PRJNA543713;SRR9098263
7886745;PRJNA542627;SRR9098992
7886746;PRJNA542627;SRR9098991
7886747;PRJNA542627;SRR9098990
7886750;PRJNA542627;SRR9098987
7886755;PRJNA542627;SRR9098982
7886756;PRJNA542627;SRR9098981
7886761;PRJNA542627;SRR9098976
7905098;PRJNA543861;SRR9111877
7905099;PRJNA543861;SRR9111876
7905100;PRJNA543861;SRR9111875
7905110;PRJNA543861;SRR9111865
7905113;PRJNA543861;SRR9111862
7905559;PRJNA543961;SRR9112171
7905560;PRJNA543961;SRR9112170
7905561;PRJNA543961;SRR9112169
7905564;PRJNA543961;SRR9112166
7910310;PRJNA544288;SRR9114264
7910311;PRJNA544288;SRR9114263
7910313;PRJNA544288;SRR9114261
7910315;PRJNA544288;SRR9114259
7916319;PRJNA544518;SRR9118911
7916324;PRJNA544518;SRR9118906
7916329;PRJNA544518;SRR9118901
7916335;PRJNA544518;SRR9118895
7920759;PRJNA543603;SRR9123374
7920761;PRJNA543603;SRR9123372
7920763;PRJNA543603;SRR9123370
7920764;PRJNA543603;SRR9123369
7920767;PRJNA543603;SRR9123366
7920771;PRJNA543603;SRR9123362
7930191;PRJNA544877;SRR9130396
7930194;PRJNA544877;SRR9130393
7930195;PRJNA544877;SRR9130392
7930197;PRJNA544877;SRR9130390
7930200;PRJNA544877;SRR9130387
7941591;PRJNA545043;SRR9140285
7941592;PRJNA545043;SRR9140284
7941593;PRJNA545043;SRR9140283
7941594;PRJNA545043;SRR9140282
7941596;PRJNA545043;SRR9140280
7941605;PRJNA545043;SRR9140271
7981763;PRJNA544767;SRR9176573
7981767;PRJNA544767;SRR9176569
7981772;PRJNA544767;SRR9176564
7984618;PRJNA545795;SRR9177018
7984628;PRJNA545795;SRR9177008
7984631;PRJNA545795;SRR9177005
7984634;PRJNA545795;SRR9177002
7992613;PRJNA545958;SRR9184785
7992669;PRJNA545958;SRR9184729
7992906;PRJNA545958;SRR9184844
7992909;PRJNA545958;SRR9184841
7992910;PRJNA545958;SRR9184840
7992916;PRJNA545958;SRR9184834
8009988;PRJNA545410;SRR9203187
8010002;PRJNA545958;SRR9203173
8010003;PRJNA545410;SRR9203172
8010006;PRJNA545410;SRR9203169
8010732;PRJNA545410;SRR9203972
8010733;PRJNA546571;SRR9203971
8010737;PRJNA546571;SRR9203967
8010739;PRJNA546571;SRR9203965
8010741;PRJNA546571;SRR9203963
8010744;PRJNA546571;SRR9203960
8016915;PRJNA545695;SRR9209569
8016921;PRJNA545695;SRR9209563
8016924;PRJNA545695;SRR9209560
8016930;PRJNA545695;SRR9209554
8016932;PRJNA545695;SRR9209552
8016933;PRJNA545695;SRR9209551
8018939;PRJNA547595;SRR9211671
8018941;PRJNA547595;SRR9211669
8018945;PRJNA547595;SRR9211665
8018951;PRJNA547595;SRR9211659
8019269;PRJNA547610;SRR9212079
8019276;PRJNA547610;SRR9212072
8019277;PRJNA547610;SRR9212071
8019282;PRJNA547610;SRR9212066
8019285;PRJNA547610;SRR9212063
8020733;PRJNA543557;SRR9213686
8020734;PRJNA543557;SRR9213685
8021278;PRJNA547686;SRR9214261
8021280;PRJNA547686;SRR9214259
8039082;PRJNA544938;SRR9226085
8039089;PRJNA544938;SRR9226078
8039099;PRJNA544938;SRR9226068
8084678;PRJNA548313;SRR9271672
8084694;PRJNA548313;SRR9271656
8088484;PRJNA547779;SRR9275569
8089242;PRJNA548424;SRR9276614
8089243;PRJNA548424;SRR9276613
8089246;PRJNA548424;SRR9276610
8091315;PRJNA548320;SRR9278353
8106390;PRJNA547591;SRR9293147
8106391;PRJNA547591;SRR9293146
8106398;PRJNA547591;SRR9293139
8106404;PRJNA547591;SRR9293133
8124244;PRJNA549030;SRR9306624
8124245;PRJNA549030;SRR9306623
8124248;PRJNA549030;SRR9306620
8124251;PRJNA549030;SRR9306617
8124287;PRJNA549032;SRR9306659
8124294;PRJNA549032;SRR9306652
8125986;PRJNA548995;SRR9308480
8125994;PRJNA548995;SRR9308472
8125995;PRJNA548995;SRR9308471
8125999;PRJNA548995;SRR9308467
8129493;PRJNA549255;SRR9310654
8129497;PRJNA549255;SRR9310650
8129499;PRJNA549255;SRR9310648
8132197;PRJNA542494;SRR9313419
8132199;PRJNA542494;SRR9313417
8132200;PRJNA542494;SRR9313416
8132203;PRJNA542494;SRR9313413
8132205;PRJNA542494;SRR9313411
8132206;PRJNA542494;SRR9313410
8135683;PRJNA549156;SRR9316947
8139276;PRJNA549312;SRR9320505
8148981;PRJNA549661;SRR9327984
8148982;PRJNA549661;SRR9327983
8148984;PRJNA549661;SRR9327981
8148986;PRJNA549661;SRR9327979
8148992;PRJNA549661;SRR9327973
8148996;PRJNA549661;SRR9327969
8150482;PRJNA549459;SRR9329838
8150490;PRJNA549459;SRR9329830
8150492;PRJNA549459;SRR9329828
8150496;PRJNA549459;SRR9329824
8154688;PRJNA549353;SRR9333994
8154697;PRJNA549353;SRR9333985
8154698;PRJNA549353;SRR9333984
8154703;PRJNA549353;SRR9333979
8154705;PRJNA549353;SRR9333977
8410304;PRJNA550037;SRR9588688
8410312;PRJNA550037;SRR9588680
8410313;PRJNA550037;SRR9588679
8410317;PRJNA550037;SRR9588675
8412351;PRJNA548133;SRR9590808
8419323;PRJNA550441;SRR9593845
8419328;PRJNA550441;SRR9593840
8435712;PRJNA545251;SRR9607120
8435718;PRJNA545251;SRR9607114
8435719;PRJNA545251;SRR9607113
8435723;PRJNA545251;SRR9607109
8447342;PRJNA543554;SRR9615404
8448534;PRJNA539310;SRR9616609
8448535;PRJNA539317;SRR9616610
8448593;PRJNA539319;SRR9616672
8449124;PRJNA552082;SRR9617170
8449127;PRJNA552082;SRR9617167
8449143;PRJNA552082;SRR9617151
8449816;PRJNA539329;SRR9617900
8449866;PRJNA539335;SRR9617950
8484402;PRJNA552773;SRR9645047
8486162;PRJNA538249;SRR9645702
8486713;PRJNA538253;SRR9646253
8486834;PRJNA538258;SRR9646382
8486837;PRJNA538262;SRR9646385
8487058;PRJNA538277;SRR9646734
8487061;PRJNA538267;SRR9646737
8487064;PRJNA538268;SRR9646740
8488168;PRJNA535850;SRR9647857
8488174;PRJNA535852;SRR9647851
8488178;PRJNA535856;SRR9647847
8488244;PRJNA545121;SRR9647926
8488245;PRJNA545121;SRR9647925
8488246;PRJNA545121;SRR9647924
8488253;PRJNA545121;SRR9647917
8488394;PRJNA535908;SRR9648121
8488399;PRJNA535874;SRR9648116
8488403;PRJNA535905;SRR9648112
8488404;PRJNA535906;SRR9648111
8488405;PRJNA535901;SRR9648110
8488406;PRJNA535900;SRR9648109
8488411;PRJNA535892;SRR9648104
8488415;PRJNA535911;SRR9648100
8488421;PRJNA535890;SRR9648094
8488425;PRJNA535883;SRR9648090
8488426;PRJNA535884;SRR9648089
8488672;PRJNA537739;SRR9648368
8488705;PRJNA539581;SRR9648400
8488708;PRJNA539596;SRR9648403
8488709;PRJNA539598;SRR9648404
8488753;PRJNA538839;SRR9648448
8488775;PRJNA538844;SRR9648470
8488797;PRJNA538849;SRR9648492
8488798;PRJNA538850;SRR9648493
8488804;PRJNA538853;SRR9648499
8488806;PRJNA538854;SRR9648501
8488866;PRJNA538857;SRR9648561
8488867;PRJNA535921;SRR9648562
8493082;PRJNA552945;SRR9648601
8493088;PRJNA552945;SRR9648595
8493092;PRJNA552945;SRR9648591
8493096;PRJNA552945;SRR9648587
8493097;PRJNA552945;SRR9648586
8494337;PRJNA535936;SRR9649839
8494366;PRJNA535943;SRR9649868
8494368;PRJNA535942;SRR9649870
8494369;PRJNA535947;SRR9649871
8494370;PRJNA535944;SRR9649872
8495050;PRJNA539622;SRR9650343
8495506;PRJNA535952;SRR9650642
8495696;PRJNA539526;SRR9650832
8496268;PRJNA552122;SRR9651419
8496273;PRJNA552122;SRR9651414
8496274;PRJNA552122;SRR9651413
8496286;PRJNA539544;SRR9651422
8506303;PRJNA550260;SRR9660711
8506305;PRJNA550260;SRR9660709
8506306;PRJNA550260;SRR9660708
8506310;PRJNA550260;SRR9660704
8506316;PRJNA550260;SRR9660698
8506318;PRJNA550260;SRR9660695
8506782;PRJNA535980;SRR9661308
8506783;PRJNA535979;SRR9661309
8507100;PRJNA539341;SRR9661626
8507284;PRJNA539347;SRR9661844
8507568;PRJNA539349;SRR9662128
8508357;PRJNA539356;SRR9662917
8508537;PRJNA539360;SRR9663097
8508782;PRJNA553620;SRR9663181
8508788;PRJNA553620;SRR9663175
8508789;PRJNA553620;SRR9663174
8508792;PRJNA553620;SRR9663171
8508796;PRJNA553620;SRR9663167
8508799;PRJNA553620;SRR9663164
8508801;PRJNA553620;SRR9663162
8510095;PRJNA553023;SRR9664655
8510806;PRJNA539374;SRR9665366
8510877;PRJNA539378;SRR9665438
8510895;PRJNA553023;SRR9665441
8516053;PRJNA539379;SRR9665628
8516156;PRJNA553023;SRR9665731
8516978;PRJNA539394;SRR9666720
8517288;PRJNA539400;SRR9667030
8517798;PRJNA552855;SRR9667636
8517800;PRJNA552855;SRR9667634
8517803;PRJNA552855;SRR9667631
8517807;PRJNA552855;SRR9667627
8517809;PRJNA552855;SRR9667625
8517811;PRJNA552855;SRR9667623
8517812;PRJNA552855;SRR9667622
8517835;PRJNA553023;SRR9667692
8518621;PRJNA539408;SRR9668453
8519016;PRJNA539416;SRR9668935
8519488;PRJNA553023;SRR9669407
8519489;PRJNA553023;SRR9669408
8520503;PRJNA539426;SRR9669904
8521111;PRJNA539437;SRR9670537
8521115;PRJNA539439;SRR9670541
8521116;PRJNA539434;SRR9670542
8521236;PRJNA539440;SRR9670662
8521299;PRJNA539441;SRR9670725
8521314;PRJNA539443;SRR9670740
8521315;PRJNA539448;SRR9670741
8521402;PRJNA539449;SRR9670828
8523465;PRJNA539231;SRR9672862
8523486;PRJNA539234;SRR9672883
8523497;PRJNA539238;SRR9672894
8523524;PRJNA539244;SRR9672921
8523751;PRJNA539257;SRR9673148
8523814;PRJNA539256;SRR9673211
8523835;PRJNA539265;SRR9673232
8536191;PRJNA547860;SRR9680602
8536195;PRJNA547860;SRR9680598
8536196;PRJNA547860;SRR9680597
8536197;PRJNA547860;SRR9680596
8536198;PRJNA547860;SRR9680595
8536199;PRJNA547860;SRR9680594
8536203;PRJNA547860;SRR9680590
8545897;PRJNA539268;SRR9690614
8545902;PRJNA539270;SRR9690619
8545970;PRJNA554501;SRR9690642
8545974;PRJNA554501;SRR9690638
8545980;PRJNA554501;SRR9690632
8545984;PRJNA554501;SRR9690628
8545986;PRJNA554501;SRR9690626
8545987;PRJNA554501;SRR9690625
8548014;PRJNA539278;SRR9693439
8548018;PRJNA539279;SRR9693443
8548019;PRJNA539281;SRR9693444
8548020;PRJNA539275;SRR9693445
8548232;PRJNA554866;SRR9693605
8548257;PRJNA554866;SRR9693580
8548258;PRJNA554866;SRR9693579
8548259;PRJNA554866;SRR9693578
8548264;PRJNA554866;SRR9693573
8548266;PRJNA554866;SRR9693571
8548271;PRJNA554866;SRR9693566
8548273;PRJNA554866;SRR9693564
8548659;PRJNA539301;SRR9694060
8548667;PRJNA539303;SRR9694068
8548747;PRJNA539470;SRR9694148
8548760;PRJNA539472;SRR9694161
8548879;PRJNA539476;SRR9694216
8549568;PRJNA539519;SRR9694913
8549577;PRJNA666900;SRR9694924
8549579;PRJNA666900;SRR9694922
8549584;PRJNA666900;SRR9694917
8550359;PRJNA553023;SRR9695701
8554111;PRJNA555079;SRR9699365
8554114;PRJNA555079;SRR9699362
8554117;PRJNA555079;SRR9699359
8554122;PRJNA555079;SRR9699354
8554123;PRJNA555079;SRR9699353
8554827;PRJNA552585;SRR9700134
8554829;PRJNA552585;SRR9700132
8554840;PRJNA552585;SRR9700121
8562746;PRJNA539490;SRR9705675
8562804;PRJNA539492;SRR9705733
8566676;PRJNA539499;SRR9710038
8567339;PRJNA539504;SRR9710701
8567340;PRJNA539503;SRR9710702
8567468;PRJNA539176;SRR9710830
8570323;PRJNA555320;SRR9712120
8570326;PRJNA555320;SRR9712117
8570337;PRJNA555320;SRR9712106
8570338;PRJNA555320;SRR9712105
8570340;PRJNA555320;SRR9712103
8570661;PRJNA554877;SRR9712580
8577807;PRJNA554313;SRR9719194
8578416;PRJNA555609;SRR9719870
8578418;PRJNA555609;SRR9719868
8578422;PRJNA555609;SRR9719864
8597492;PRJNA553534;SRR9736937
8597493;PRJNA553534;SRR9736936
8597500;PRJNA553534;SRR9736929
8705039;PRJNA549968;SRR9844119
8705045;PRJNA549968;SRR9844109
8705050;PRJNA549968;SRR9844104
8705052;PRJNA549968;SRR9844102
8705053;PRJNA549968;SRR9844105
8705054;PRJNA549968;SRR9844101
8705311;PRJNA556819;SRR9844449
8705316;PRJNA556819;SRR9844444
8705320;PRJNA556819;SRR9844440
8705325;PRJNA556819;SRR9844435
8705326;PRJNA556819;SRR9844434
8714552;PRJNA556302;SRR9852178
8714556;PRJNA556302;SRR9852174
8714557;PRJNA556302;SRR9852173
8714562;PRJNA556302;SRR9852168
8714565;PRJNA556302;SRR9852165
8714566;PRJNA556302;SRR9852164
8716741;PRJNA556441;SRR9854965
8718584;PRJNA557254;SRR9856994
8718590;PRJNA557254;SRR9856988
8720587;PRJNA557310;SRR9859011
8729989;PRJNA557331;SRR9865883
8729993;PRJNA557331;SRR9865879
8729996;PRJNA557331;SRR9865876
8729997;PRJNA557331;SRR9865875
8730005;PRJNA557331;SRR9865867
8747407;PRJNA557827;SRR9879376
8747408;PRJNA557827;SRR9879375
8747409;PRJNA557827;SRR9879374
8747415;PRJNA557827;SRR9879368
8747417;PRJNA557827;SRR9879366
8747426;PRJNA557827;SRR9879357
8747665;PRJNA557830;SRR9879671
8747667;PRJNA557830;SRR9879669
8747668;PRJNA557830;SRR9879668
8747670;PRJNA557830;SRR9879666
8747681;PRJNA557830;SRR9879655
8747682;PRJNA557830;SRR9879654
8755557;PRJNA557612;SRR9887602
8755569;PRJNA557612;SRR9887590
8755598;PRJNA556782;SRR9887628
8755749;PRJNA558209;SRR9887792
8755754;PRJNA558209;SRR9887787
8755755;PRJNA558209;SRR9887786
8755757;PRJNA558209;SRR9887784
8755758;PRJNA558209;SRR9887783
8761575;PRJNA553505;SRR9888520
8772562;PRJNA558040;SRR9899342
8778514;PRJNA539228;SRR9903769
8801427;PRJNA558849;SRR9924860
8832636;PRJNA559904;SRR9953240
8832653;PRJNA559904;SRR9953223
8834554;PRJNA558558;SRR9955167
8834558;PRJNA558558;SRR9955163
8834559;PRJNA558558;SRR9955162
8841200;PRJNA552163;SRR9962610
8841204;PRJNA552163;SRR9962606
8842270;PRJNA559967;SRR9963508
8842271;PRJNA559967;SRR9963507
8842273;PRJNA559967;SRR9963505
8842274;PRJNA559967;SRR9963504
8842280;PRJNA559967;SRR9963498
8867400;PRJNA560474;SRR9990530
8867402;PRJNA560474;SRR9990528
8872450;PRJNA560333;SRR9994093
8873209;PRJNA560663;SRR9995035
8900165;PRJNA554670;SRR10017941
8900168;PRJNA554670;SRR10017938
8900169;PRJNA554670;SRR10017937
8900170;PRJNA554670;SRR10017936
8900171;PRJNA554670;SRR10017935
8900172;PRJNA554670;SRR10017934
8900173;PRJNA554670;SRR10017933
8900176;PRJNA554670;SRR10017930
8903885;PRJNA562118;SRR10022409
8903894;PRJNA562118;SRR10022400
8903896;PRJNA562118;SRR10022398
8903899;PRJNA562118;SRR10022395
8903900;PRJNA562118;SRR10022394
8910102;PRJNA562285;SRR10029338
8910103;PRJNA562285;SRR10029337
8910115;PRJNA562285;SRR10029325
8912955;PRJNA562087;SRR10033069
8912959;PRJNA562087;SRR10033065
8912960;PRJNA562087;SRR10033064
8912963;PRJNA562087;SRR10033061
8913751;PRJNA561420;SRR10033718
8913753;PRJNA561420;SRR10033716
8913762;PRJNA561420;SRR10033707
8913763;PRJNA561420;SRR10033706
8913768;PRJNA561420;SRR10033701
8913769;PRJNA561420;SRR10033700
8923357;PRJNA559756;SRR10038632
8925218;PRJNA560178;SRR10040580
8925220;PRJNA560178;SRR10040578
8925223;PRJNA560178;SRR10040575
8925233;PRJNA560474;SRR10040637
8925234;PRJNA560474;SRR10040636
8925237;PRJNA560474;SRR10040633
8925238;PRJNA560474;SRR10040632
8925241;PRJNA560474;SRR10040629
8925244;PRJNA560474;SRR10040626
8925246;PRJNA560474;SRR10040624
8925247;PRJNA560474;SRR10040623
8926623;PRJNA562529;SRR10041812
8926632;PRJNA562529;SRR10041803
8926636;PRJNA562529;SRR10041799
8926637;PRJNA562529;SRR10041798
8937960;PRJNA563008;SRR10054271
8937962;PRJNA563008;SRR10054269
8969320;PRJNA563825;SRR10077331
8977315;PRJNA564442;SRR10083486
8977327;PRJNA564442;SRR10083474
8977329;PRJNA564442;SRR10083472
8977333;PRJNA564442;SRR10083468
8977913;PRJNA564462;SRR10083997
8977914;PRJNA564462;SRR10083996
8977918;PRJNA564462;SRR10083992
8977919;PRJNA564462;SRR10083991
8977926;PRJNA564462;SRR10083984
8977930;PRJNA563827;SRR10084034
8977932;PRJNA563827;SRR10084032
8983767;PRJNA563204;SRR10089997
8983768;PRJNA563204;SRR10089996
8983769;PRJNA563204;SRR10089995
8983774;PRJNA563204;SRR10089990
8983778;PRJNA563204;SRR10089986
8983782;PRJNA563204;SRR10089982
8983784;PRJNA563204;SRR10089980
9015798;PRJNA565518;SRR10120524
9015800;PRJNA565518;SRR10120522
9015805;PRJNA565518;SRR10120517
9027898;PRJNA539180;SRR10131145
9027910;PRJNA539184;SRR10131157
9027924;PRJNA539191;SRR10131171
9029509;PRJNA565937;SRR10132768
9029511;PRJNA565937;SRR10132766
9029515;PRJNA565937;SRR10132762
9030037;PRJNA540844;SRR10133029
9030157;PRJNA539200;SRR10133152
9030162;PRJNA539201;SRR10133157
9030165;PRJNA539202;SRR10133160
9030166;PRJNA539199;SRR10133161
9030191;PRJNA539211;SRR10133186
9031399;PRJNA539222;SRR10134661
9031402;PRJNA539224;SRR10134664
9031600;PRJNA538988;SRR10134878
9031607;PRJNA538991;SRR10134885
9031609;PRJNA538986;SRR10134887
9031610;PRJNA539002;SRR10134888
9031615;PRJNA539001;SRR10134893
9032218;PRJNA539727;SRR10135496
9032219;PRJNA539548;SRR10135497
9032227;PRJNA539730;SRR10135505
9032228;PRJNA539731;SRR10135506
9032308;PRJNA539733;SRR10135586
9032312;PRJNA539732;SRR10135590
9032440;PRJNA538961;SRR10135718
9032444;PRJNA538966;SRR10135722
9032450;PRJNA538965;SRR10135728
9032451;PRJNA538968;SRR10135729
9032459;PRJNA538970;SRR10135737
9034356;PRJNA538952;SRR10135783
9034706;PRJNA538945;SRR10135926
9034847;PRJNA539011;SRR10136067
9034850;PRJNA539017;SRR10136070
9035312;PRJNA539018;SRR10136531
9035613;PRJNA538972;SRR10136836
9035968;PRJNA538973;SRR10137191
9035998;PRJNA538975;SRR10137221
9036005;PRJNA538979;SRR10137228
9036015;PRJNA538978;SRR10137238
9038519;PRJNA538980;SRR10139846
9039210;PRJNA539031;SRR10140537
9039215;PRJNA539036;SRR10140542
9039675;PRJNA561675;SRR10140699
9039678;PRJNA561675;SRR10140696
9039687;PRJNA561675;SRR10140687
9039945;PRJNA539038;SRR10141272
9041094;PRJNA539041;SRR10142421
9041095;PRJNA539045;SRR10142422
9041096;PRJNA539042;SRR10142423
9041104;PRJNA539054;SRR10142431
9041105;PRJNA539053;SRR10142432
9041107;PRJNA539052;SRR10142434
9041578;PRJNA539063;SRR10142917
9041579;PRJNA538949;SRR10142918
9041581;PRJNA539061;SRR10142920
9041582;PRJNA539060;SRR10142921
9041811;PRJNA539080;SRR10143150
9042913;PRJNA539162;SRR10143418
9044966;PRJNA566399;SRR10147791
9044971;PRJNA566399;SRR10147786
9044972;PRJNA566399;SRR10147785
9044973;PRJNA566399;SRR10147784
9044978;PRJNA566399;SRR10147779
9050522;PRJNA566436;SRR10153502
9050527;PRJNA566436;SRR10153507
9050593;PRJNA566436;SRR10153573
9070211;PRJNA538998;SRR10168102
9080158;PRJNA561193;SRR10179358
9080159;PRJNA561193;SRR10179357
9080163;PRJNA561193;SRR10179353
9080166;PRJNA561193;SRR10179350
9080174;PRJNA561193;SRR10179334
9105350;PRJNA544407;SRR10202450
9105355;PRJNA544407;SRR10202445
9105361;PRJNA544407;SRR10202439
9319559;PRJNA561995;SRR10387620
9319560;PRJNA561995;SRR10387619
9319567;PRJNA561995;SRR10387612
9350261;PRJNA559862;SRR10412071
9350262;PRJNA559862;SRR10412070
9350272;PRJNA559862;SRR10412060
9350274;PRJNA559862;SRR10412058
9350276;PRJNA559862;SRR10412056
9350277;PRJNA559862;SRR10412055
9359005;PRJNA561903;SRR10420822
9359010;PRJNA561903;SRR10420817
9359015;PRJNA561903;SRR10420812
9359020;PRJNA561903;SRR10420807
9359021;PRJNA561903;SRR10420806
9403074;PRJNA564215;SRR10466871
9403075;PRJNA564215;SRR10466870
9403076;PRJNA564215;SRR10466869
9403086;PRJNA564215;SRR10466875
9641299;PRJNA557323;SRR10680558
9641303;PRJNA557323;SRR10680554
9641304;PRJNA557323;SRR10680553
9648060;PRJNA562498;SRR10687612
9648061;PRJNA562498;SRR10687611
9648065;PRJNA562498;SRR10687607
9648066;PRJNA562498;SRR10687606
9648071;PRJNA562498;SRR10687601
9648073;PRJNA562498;SRR10687599
9837215;PRJNA564726;SRR10855753
9837217;PRJNA564726;SRR10855751
9837220;PRJNA564726;SRR10855748
9837221;PRJNA564726;SRR10855747
9837222;PRJNA564726;SRR10855746
9837223;PRJNA564726;SRR10855745
9837227;PRJNA564726;SRR10855741
9837231;PRJNA564726;SRR10855737
9857098;PRJNA566937;SRR10873268
9857121;PRJNA566626;SRR10873291
9857122;PRJNA566625;SRR10873292
9857125;PRJNA566628;SRR10873295
9857129;PRJNA566629;SRR10873299
9857137;PRJNA566644;SRR10873307
9857140;PRJNA566645;SRR10873310
9857141;PRJNA566643;SRR10873311
9857145;PRJNA566646;SRR10873315
9857148;PRJNA566651;SRR10873318
9888472;PRJNA557323;SRR10901576
9888475;PRJNA557323;SRR10901573
9891647;PRJNA566933;SRR10904489
9901805;PRJNA567447;SRR10915417
9901925;PRJNA567430;SRR10915549
9901926;PRJNA567574;SRR10915548
9901929;PRJNA567576;SRR10915545
9901930;PRJNA567443;SRR10915544
9901938;PRJNA567434;SRR10915536
9901940;PRJNA567437;SRR10915534
9947767;PRJNA567469;SRR10953352
9947768;PRJNA567472;SRR10953351
9947769;PRJNA567478;SRR10953350
9947775;PRJNA567457;SRR10953344
9947780;PRJNA567470;SRR10953339
9947788;PRJNA567467;SRR10953331
9947799;PRJNA567466;SRR10953320
9949758;PRJNA567584;SRR10955135
9949759;PRJNA567585;SRR10955136
9949761;PRJNA567597;SRR10955138
9949766;PRJNA567588;SRR10955143
9949767;PRJNA567596;SRR10955144
9950213;PRJNA567625;SRR10955590
9950215;PRJNA567626;SRR10955592
9950220;PRJNA567630;SRR10955597
9960113;PRJNA567235;SRR10965076
9960116;PRJNA567241;SRR10965079
9960218;PRJNA567245;SRR10965181
9960926;PRJNA567256;SRR10965833
9960928;PRJNA567257;SRR10965835
9960929;PRJNA567255;SRR10965836
9962610;PRJNA566654;SRR10967517
9962618;PRJNA566659;SRR10967525
9962619;PRJNA566663;SRR10967526
9962621;PRJNA566662;SRR10967528
9962623;PRJNA566665;SRR10967530
9962781;PRJNA566544;SRR10967688
9962789;PRJNA566550;SRR10967696
9962790;PRJNA566549;SRR10967697
9962792;PRJNA566552;SRR10967699
9962796;PRJNA566830;SRR10967703
9962806;PRJNA566835;SRR10967713
9962807;PRJNA566841;SRR10967714
9962813;PRJNA566847;SRR10967720
9962815;PRJNA566846;SRR10967722
9962822;PRJNA566854;SRR10967729
9962828;PRJNA566874;SRR10967735
9962832;PRJNA566877;SRR10967739
9962835;PRJNA566878;SRR10967742
9962872;PRJNA566884;SRR10967779
9962875;PRJNA566888;SRR10967782
9962969;PRJNA566889;SRR10967876
9962979;PRJNA566897;SRR10967886
9962985;PRJNA566898;SRR10967892
9963008;PRJNA566907;SRR10967915
9963009;PRJNA566909;SRR10967916
9963015;PRJNA566749;SRR10967922
9963026;PRJNA566751;SRR10967933
9963027;PRJNA566750;SRR10967934
9963029;PRJNA566753;SRR10967936
9963049;PRJNA566762;SRR10967956
9963062;PRJNA566763;SRR10967969
9963149;PRJNA566768;SRR10968056
9963151;PRJNA566771;SRR10968058
9963154;PRJNA566769;SRR10968061
9963273;PRJNA566779;SRR10968134
9963276;PRJNA566778;SRR10968137
9963281;PRJNA566746;SRR10968142
9963288;PRJNA567117;SRR10968149
9963290;PRJNA567120;SRR10968151
9963357;PRJNA567023;SRR10968218
9963362;PRJNA567017;SRR10968223
9963409;PRJNA567018;SRR10968270
9963415;PRJNA566913;SRR10968276
9963418;PRJNA566920;SRR10968279
9963420;PRJNA566918;SRR10968281
9995060;PRJNA566790;SRR10997759
9995064;PRJNA566787;SRR10997763
9995148;PRJNA566801;SRR10997847
9995149;PRJNA566798;SRR10997848
9995151;PRJNA566800;SRR10997850
9995153;PRJNA566802;SRR10997852
9995168;PRJNA566807;SRR10997867
9998929;PRJNA566981;SRR10998591
