10078716;PRJNA567609
10079387;PRJNA567020
10086284;PRJNA566924
10528116;PRJNA544320
10528118;PRJNA544320
10528120;PRJNA544320
10528125;PRJNA544320
10551357;PRJNA548861
10551362;PRJNA548861
10551364;PRJNA548861
10551365;PRJNA548861
10917673;PRJNA547686
10917676;PRJNA547686
10917678;PRJNA547686
10917683;PRJNA547686
10917684;PRJNA547686
11521461;PRJNA616723
11521462;PRJNA616724
11521465;PRJNA616726
11521731;PRJNA616889
11521737;PRJNA616892
11521743;PRJNA616887
11521745;PRJNA616890
11521746;PRJNA616885
11521748;PRJNA616884
11521749;PRJNA616883
11521797;PRJNA616931
11521805;PRJNA616934
11555769;PRJNA616741
11555935;PRJNA616742
11562833;PRJNA616746
11562906;PRJNA616747
11562912;PRJNA616749
11562924;PRJNA616762
11562925;PRJNA616761
11562928;PRJNA616768
11562947;PRJNA616778
11563019;PRJNA616784
11576068;PRJNA616701
279982;PRJNA182269
30867;PRJNA51951
30868;PRJNA51951
333762;PRJNA189999
5355178;PRJNA444975
5361648;PRJNA444916
5410302;PRJNA450540
5410307;PRJNA450540
5410309;PRJNA450540
5410316;PRJNA450540
5410317;PRJNA450540
5411173;PRJNA450126
5411177;PRJNA450115
5411180;PRJNA450123
5411188;PRJNA450124
5412139;PRJNA450618
5412141;PRJNA450618
5412143;PRJNA450618
5412148;PRJNA450618
5412154;PRJNA450618
5427066;PRJNA444890
5429269;PRJNA444893
5429883;PRJNA444897
5429884;PRJNA444896
5429887;PRJNA444901
5429917;PRJNA444900
5430127;PRJNA444906
5430871;PRJNA444905
5449233;PRJNA450594
5449240;PRJNA450594
5449247;PRJNA450594
5449248;PRJNA450594
5449251;PRJNA450594
5449252;PRJNA450594
5453468;PRJNA451377
5453472;PRJNA451377
5453473;PRJNA451377
5453475;PRJNA451377
5453477;PRJNA451377
5453478;PRJNA451377
5453486;PRJNA451377
5453668;PRJNA450709
5453720;PRJNA450709
5453737;PRJNA450709
5453743;PRJNA450709
5453761;PRJNA450709
5453773;PRJNA450709
5453789;PRJNA450709
5468649;PRJNA453158
5468653;PRJNA453158
5468654;PRJNA453158
5468656;PRJNA453158
5468662;PRJNA453158
5468666;PRJNA453158
5482253;PRJNA451372
5482258;PRJNA451372
5485460;PRJNA450612
5486050;PRJNA454289
5486052;PRJNA454289
5486058;PRJNA454289
5486062;PRJNA454289
5486063;PRJNA454289
5491170;PRJNA451226
5491171;PRJNA451226
5491179;PRJNA451226
5491184;PRJNA451226
5491186;PRJNA451226
5491187;PRJNA451226
5514860;PRJNA453459
5568448;PRJNA450884
5588949;PRJNA450295
5588955;PRJNA450295
5605408;PRJNA453965
5605409;PRJNA453965
5605412;PRJNA453965
5605414;PRJNA453965
5605423;PRJNA453965
5605425;PRJNA453965
5625108;PRJNA551379
5625119;PRJNA551379
5625126;PRJNA551379
5625127;PRJNA551379
6494483;PRJNA444977
671014;PRJNA64033
7212000;PRJNA450340
7212002;PRJNA450340
7212004;PRJNA450340
7212006;PRJNA450340
7212008;PRJNA450340
7212017;PRJNA450340
7212018;PRJNA450340
7725796;PRJNA535526
7725797;PRJNA535526
7725799;PRJNA535526
7729786;PRJNA539872
7729788;PRJNA539872
7752086;PRJNA540190
7752089;PRJNA540190
7752093;PRJNA540190
7752097;PRJNA540190
7757725;PRJNA540388
7761810;PRJNA540343
7761835;PRJNA540353
7761843;PRJNA540332
7761848;PRJNA540336
7762113;PRJNA540327
7770839;PRJNA540508
7770853;PRJNA540508
7775498;PRJNA538197
7775500;PRJNA538198
7775502;PRJNA539632
7776986;PRJNA539635
7777041;PRJNA538239
7777079;PRJNA538246
7777080;PRJNA538263
7777086;PRJNA538270
7777172;PRJNA538281
7777174;PRJNA538282
7777175;PRJNA538285
7780018;PRJNA538296
7780212;PRJNA539637
7780261;PRJNA539639
7780335;PRJNA539638
7781005;PRJNA539649
7781036;PRJNA539650
7781307;PRJNA539659
7782197;PRJNA535981
7782204;PRJNA535982
7782365;PRJNA536112
7782367;PRJNA536111
7782370;PRJNA536109
7782375;PRJNA535844
7782378;PRJNA535846
7783199;PRJNA535993
7783202;PRJNA535989
7783206;PRJNA535983
7783207;PRJNA535996
7783209;PRJNA535990
7789757;PRJNA541100
7789943;PRJNA538414
7789950;PRJNA538416
7789982;PRJNA538419
7789983;PRJNA538418
7790174;PRJNA538421
7790179;PRJNA538422
7790214;PRJNA536006
7790306;PRJNA536009
7790307;PRJNA536010
7790414;PRJNA536012
7790447;PRJNA536021
7790448;PRJNA536018
7790450;PRJNA536022
7790471;PRJNA536027
7790594;PRJNA536034
7790670;PRJNA536033
7790672;PRJNA536036
7790786;PRJNA536038
7793168;PRJNA541010
7793169;PRJNA541010
7793171;PRJNA541010
7793174;PRJNA541010
7793177;PRJNA541010
7793178;PRJNA541010
7793179;PRJNA541010
7793180;PRJNA541010
7793187;PRJNA541010
7794253;PRJNA539677
7794312;PRJNA539676
7795558;PRJNA539554
7795560;PRJNA539550
7795636;PRJNA541222
7795639;PRJNA539555
7795656;PRJNA539559
7795686;PRJNA539561
7795695;PRJNA539567
7795697;PRJNA539568
7795699;PRJNA539566
7795831;PRJNA539573
7796418;PRJNA539586
7796435;PRJNA539590
7797859;PRJNA541440
7797863;PRJNA541440
7797864;PRJNA541440
7797865;PRJNA541440
7797866;PRJNA541440
7797867;PRJNA541440
7797868;PRJNA541440
7797872;PRJNA541440
7800591;PRJNA539626
7803788;PRJNA541485
7803791;PRJNA541485
7803794;PRJNA541485
7805438;PRJNA537853
7806500;PRJNA535951
7806627;PRJNA539709
7806810;PRJNA539713
7807061;PRJNA539717
7807654;PRJNA539723
7808546;PRJNA535955
7809956;PRJNA535961
7812821;PRJNA535966
7812877;PRJNA535968
7813350;PRJNA535974
7814495;PRJNA539168
7814606;PRJNA539170
7816906;PRJNA542210
7818189;PRJNA539694
7818267;PRJNA539094
7818451;PRJNA542111
7818452;PRJNA542111
7818456;PRJNA542111
7818458;PRJNA542111
7818507;PRJNA539101
7818544;PRJNA539102
7818845;PRJNA539107
7819224;PRJNA539116
7819337;PRJNA542133
7819338;PRJNA542133
7819339;PRJNA542133
7819361;PRJNA539118
7819449;PRJNA542144
7819451;PRJNA542144
7819460;PRJNA542144
7819461;PRJNA542144
7819611;PRJNA539120
7819626;PRJNA542187
7819630;PRJNA542187
7819639;PRJNA542187
7819644;PRJNA542187
7821122;PRJNA539132
7821254;PRJNA539134
7821289;PRJNA539141
7821293;PRJNA539143
7821300;PRJNA539147
7821304;PRJNA539149
7821451;PRJNA539155
7821455;PRJNA539699
7821686;PRJNA539702
7821690;PRJNA539703
7824670;PRJNA539072
7824691;PRJNA539075
7824692;PRJNA535873
7825212;PRJNA539528
7825256;PRJNA539543
7851919;PRJNA542898
7851920;PRJNA542898
7851925;PRJNA542898
7851927;PRJNA542898
7851929;PRJNA542898
7860260;PRJNA540094
7860262;PRJNA540094
7860266;PRJNA540094
7860268;PRJNA540094
7886005;PRJNA543713
7886007;PRJNA543713
7886008;PRJNA543713
7886009;PRJNA543713
7886013;PRJNA543713
7886014;PRJNA543713
7886017;PRJNA543713
7886018;PRJNA543713
7886019;PRJNA543713
7886020;PRJNA543713
7886745;PRJNA542627
7886746;PRJNA542627
7886747;PRJNA542627
7886750;PRJNA542627
7886755;PRJNA542627
7886756;PRJNA542627
7886761;PRJNA542627
7905098;PRJNA543861
7905099;PRJNA543861
7905100;PRJNA543861
7905110;PRJNA543861
7905113;PRJNA543861
7905559;PRJNA543961
7905560;PRJNA543961
7905561;PRJNA543961
7905564;PRJNA543961
7910310;PRJNA544288
7910311;PRJNA544288
7910313;PRJNA544288
7910315;PRJNA544288
7916319;PRJNA544518
7916324;PRJNA544518
7916329;PRJNA544518
7916335;PRJNA544518
7920759;PRJNA543603
7920761;PRJNA543603
7920763;PRJNA543603
7920764;PRJNA543603
7920767;PRJNA543603
7920771;PRJNA543603
7930191;PRJNA544877
7930194;PRJNA544877
7930195;PRJNA544877
7930197;PRJNA544877
7930200;PRJNA544877
7941591;PRJNA545043
7941592;PRJNA545043
7941593;PRJNA545043
7941594;PRJNA545043
7941596;PRJNA545043
7941605;PRJNA545043
7981763;PRJNA544767
7981767;PRJNA544767
7981772;PRJNA544767
7984618;PRJNA545795
7984628;PRJNA545795
7984631;PRJNA545795
7984634;PRJNA545795
7992613;PRJNA545958
7992669;PRJNA545958
7992906;PRJNA545958
7992909;PRJNA545958
7992910;PRJNA545958
7992916;PRJNA545958
8009988;PRJNA545410
8010002;PRJNA545958
8010003;PRJNA545410
8010006;PRJNA545410
8010732;PRJNA545410
8010733;PRJNA546571
8010737;PRJNA546571
8010739;PRJNA546571
8010741;PRJNA546571
8010744;PRJNA546571
8016915;PRJNA545695
8016921;PRJNA545695
8016924;PRJNA545695
8016930;PRJNA545695
8016932;PRJNA545695
8016933;PRJNA545695
8018939;PRJNA547595
8018941;PRJNA547595
8018945;PRJNA547595
8018951;PRJNA547595
8019269;PRJNA547610
8019276;PRJNA547610
8019277;PRJNA547610
8019282;PRJNA547610
8019285;PRJNA547610
8020733;PRJNA543557
8020734;PRJNA543557
8021278;PRJNA547686
8021280;PRJNA547686
8039082;PRJNA544938
8039089;PRJNA544938
8039099;PRJNA544938
8084678;PRJNA548313
8084694;PRJNA548313
8088484;PRJNA547779
8089242;PRJNA548424
8089243;PRJNA548424
8089246;PRJNA548424
8091315;PRJNA548320
8106390;PRJNA547591
8106391;PRJNA547591
8106398;PRJNA547591
8106404;PRJNA547591
8124244;PRJNA549030
8124245;PRJNA549030
8124248;PRJNA549030
8124251;PRJNA549030
8124287;PRJNA549032
8124294;PRJNA549032
8125986;PRJNA548995
8125994;PRJNA548995
8125995;PRJNA548995
8125999;PRJNA548995
8129493;PRJNA549255
8129497;PRJNA549255
8129499;PRJNA549255
8132197;PRJNA542494
8132199;PRJNA542494
8132200;PRJNA542494
8132203;PRJNA542494
8132205;PRJNA542494
8132206;PRJNA542494
8135683;PRJNA549156
8139276;PRJNA549312
8148981;PRJNA549661
8148982;PRJNA549661
8148984;PRJNA549661
8148986;PRJNA549661
8148992;PRJNA549661
8148996;PRJNA549661
8150482;PRJNA549459
8150490;PRJNA549459
8150492;PRJNA549459
8150496;PRJNA549459
8154688;PRJNA549353
8154697;PRJNA549353
8154698;PRJNA549353
8154703;PRJNA549353
8154705;PRJNA549353
8410304;PRJNA550037
8410312;PRJNA550037
8410313;PRJNA550037
8410317;PRJNA550037
8412351;PRJNA548133
8419323;PRJNA550441
8419328;PRJNA550441
8435712;PRJNA545251
8435718;PRJNA545251
8435719;PRJNA545251
8435723;PRJNA545251
8447342;PRJNA543554
8448534;PRJNA539310
8448535;PRJNA539317
8448593;PRJNA539319
8449124;PRJNA552082
8449127;PRJNA552082
8449143;PRJNA552082
8449816;PRJNA539329
8449866;PRJNA539335
8484402;PRJNA552773
8486162;PRJNA538249
8486713;PRJNA538253
8486834;PRJNA538258
8486837;PRJNA538262
8487058;PRJNA538277
8487061;PRJNA538267
8487064;PRJNA538268
8488168;PRJNA535850
8488174;PRJNA535852
8488178;PRJNA535856
8488244;PRJNA545121
8488245;PRJNA545121
8488246;PRJNA545121
8488253;PRJNA545121
8488394;PRJNA535908
8488399;PRJNA535874
8488403;PRJNA535905
8488404;PRJNA535906
8488405;PRJNA535901
8488406;PRJNA535900
8488411;PRJNA535892
8488415;PRJNA535911
8488421;PRJNA535890
8488425;PRJNA535883
8488426;PRJNA535884
8488672;PRJNA537739
8488705;PRJNA539581
8488708;PRJNA539596
8488709;PRJNA539598
8488753;PRJNA538839
8488775;PRJNA538844
8488797;PRJNA538849
8488798;PRJNA538850
8488804;PRJNA538853
8488806;PRJNA538854
8488866;PRJNA538857
8488867;PRJNA535921
8493082;PRJNA552945
8493088;PRJNA552945
8493092;PRJNA552945
8493096;PRJNA552945
8493097;PRJNA552945
8494337;PRJNA535936
8494366;PRJNA535943
8494368;PRJNA535942
8494369;PRJNA535947
8494370;PRJNA535944
8495050;PRJNA539622
8495506;PRJNA535952
8495696;PRJNA539526
8496268;PRJNA552122
8496273;PRJNA552122
8496274;PRJNA552122
8496286;PRJNA539544
8506303;PRJNA550260
8506305;PRJNA550260
8506306;PRJNA550260
8506310;PRJNA550260
8506316;PRJNA550260
8506318;PRJNA550260
8506782;PRJNA535980
8506783;PRJNA535979
8507100;PRJNA539341
8507284;PRJNA539347
8507568;PRJNA539349
8508357;PRJNA539356
8508537;PRJNA539360
8508782;PRJNA553620
8508788;PRJNA553620
8508789;PRJNA553620
8508792;PRJNA553620
8508796;PRJNA553620
8508799;PRJNA553620
8508801;PRJNA553620
8510095;PRJNA553023
8510806;PRJNA539374
8510877;PRJNA539378
8510895;PRJNA553023
8516053;PRJNA539379
8516156;PRJNA553023
8516978;PRJNA539394
8517288;PRJNA539400
8517798;PRJNA552855
8517800;PRJNA552855
8517803;PRJNA552855
8517807;PRJNA552855
8517809;PRJNA552855
8517811;PRJNA552855
8517812;PRJNA552855
8517835;PRJNA553023
8518621;PRJNA539408
8519016;PRJNA539416
8519488;PRJNA553023
8519489;PRJNA553023
8520503;PRJNA539426
8521111;PRJNA539437
8521115;PRJNA539439
8521116;PRJNA539434
8521236;PRJNA539440
8521299;PRJNA539441
8521314;PRJNA539443
8521315;PRJNA539448
8521402;PRJNA539449
8523465;PRJNA539231
8523486;PRJNA539234
8523497;PRJNA539238
8523524;PRJNA539244
8523751;PRJNA539257
8523814;PRJNA539256
8523835;PRJNA539265
8536191;PRJNA547860
8536195;PRJNA547860
8536196;PRJNA547860
8536197;PRJNA547860
8536198;PRJNA547860
8536199;PRJNA547860
8536203;PRJNA547860
8545897;PRJNA539268
8545902;PRJNA539270
8545970;PRJNA554501
8545974;PRJNA554501
8545980;PRJNA554501
8545984;PRJNA554501
8545986;PRJNA554501
8545987;PRJNA554501
8548014;PRJNA539278
8548018;PRJNA539279
8548019;PRJNA539281
8548020;PRJNA539275
8548232;PRJNA554866
8548257;PRJNA554866
8548258;PRJNA554866
8548259;PRJNA554866
8548264;PRJNA554866
8548266;PRJNA554866
8548271;PRJNA554866
8548273;PRJNA554866
8548659;PRJNA539301
8548667;PRJNA539303
8548747;PRJNA539470
8548760;PRJNA539472
8548879;PRJNA539476
8549568;PRJNA539519
8549577;PRJNA666900
8549579;PRJNA666900
8549584;PRJNA666900
8550359;PRJNA553023
8554111;PRJNA555079
8554114;PRJNA555079
8554117;PRJNA555079
8554122;PRJNA555079
8554123;PRJNA555079
8554827;PRJNA552585
8554829;PRJNA552585
8554840;PRJNA552585
8562746;PRJNA539490
8562804;PRJNA539492
8566676;PRJNA539499
8567339;PRJNA539504
8567340;PRJNA539503
8567468;PRJNA539176
8570323;PRJNA555320
8570326;PRJNA555320
8570337;PRJNA555320
8570338;PRJNA555320
8570340;PRJNA555320
8570661;PRJNA554877
8577807;PRJNA554313
8578416;PRJNA555609
8578418;PRJNA555609
8578422;PRJNA555609
8597492;PRJNA553534
8597493;PRJNA553534
8597500;PRJNA553534
8705039;PRJNA549968
8705045;PRJNA549968
8705050;PRJNA549968
8705052;PRJNA549968
8705053;PRJNA549968
8705054;PRJNA549968
8705311;PRJNA556819
8705316;PRJNA556819
8705320;PRJNA556819
8705325;PRJNA556819
8705326;PRJNA556819
8714552;PRJNA556302
8714556;PRJNA556302
8714557;PRJNA556302
8714562;PRJNA556302
8714565;PRJNA556302
8714566;PRJNA556302
8716741;PRJNA556441
8718584;PRJNA557254
8718590;PRJNA557254
8720587;PRJNA557310
8729989;PRJNA557331
8729993;PRJNA557331
8729996;PRJNA557331
8729997;PRJNA557331
8730005;PRJNA557331
8747407;PRJNA557827
8747408;PRJNA557827
8747409;PRJNA557827
8747415;PRJNA557827
8747417;PRJNA557827
8747426;PRJNA557827
8747665;PRJNA557830
8747667;PRJNA557830
8747668;PRJNA557830
8747670;PRJNA557830
8747681;PRJNA557830
8747682;PRJNA557830
8755557;PRJNA557612
8755569;PRJNA557612
8755598;PRJNA556782
8755749;PRJNA558209
8755754;PRJNA558209
8755755;PRJNA558209
8755757;PRJNA558209
8755758;PRJNA558209
8761575;PRJNA553505
8772562;PRJNA558040
8778514;PRJNA539228
8801427;PRJNA558849
8832636;PRJNA559904
8832653;PRJNA559904
8834554;PRJNA558558
8834558;PRJNA558558
8834559;PRJNA558558
8841200;PRJNA552163
8841204;PRJNA552163
8842270;PRJNA559967
8842271;PRJNA559967
8842273;PRJNA559967
8842274;PRJNA559967
8842280;PRJNA559967
8867400;PRJNA560474
8867402;PRJNA560474
8872450;PRJNA560333
8873209;PRJNA560663
8900165;PRJNA554670
8900168;PRJNA554670
8900169;PRJNA554670
8900170;PRJNA554670
8900171;PRJNA554670
8900172;PRJNA554670
8900173;PRJNA554670
8900176;PRJNA554670
8903885;PRJNA562118
8903894;PRJNA562118
8903896;PRJNA562118
8903899;PRJNA562118
8903900;PRJNA562118
8910102;PRJNA562285
8910103;PRJNA562285
8910115;PRJNA562285
8912955;PRJNA562087
8912959;PRJNA562087
8912960;PRJNA562087
8912963;PRJNA562087
8913751;PRJNA561420
8913753;PRJNA561420
8913762;PRJNA561420
8913763;PRJNA561420
8913768;PRJNA561420
8913769;PRJNA561420
8923357;PRJNA559756
8925218;PRJNA560178
8925220;PRJNA560178
8925223;PRJNA560178
8925233;PRJNA560474
8925234;PRJNA560474
8925237;PRJNA560474
8925238;PRJNA560474
8925241;PRJNA560474
8925244;PRJNA560474
8925246;PRJNA560474
8925247;PRJNA560474
8926623;PRJNA562529
8926632;PRJNA562529
8926636;PRJNA562529
8926637;PRJNA562529
8937960;PRJNA563008
8937962;PRJNA563008
8969320;PRJNA563825
8977315;PRJNA564442
8977327;PRJNA564442
8977329;PRJNA564442
8977333;PRJNA564442
8977913;PRJNA564462
8977914;PRJNA564462
8977918;PRJNA564462
8977919;PRJNA564462
8977926;PRJNA564462
8977930;PRJNA563827
8977932;PRJNA563827
8983767;PRJNA563204
8983768;PRJNA563204
8983769;PRJNA563204
8983774;PRJNA563204
8983778;PRJNA563204
8983782;PRJNA563204
8983784;PRJNA563204
9015798;PRJNA565518
9015800;PRJNA565518
9015805;PRJNA565518
9027898;PRJNA539180
9027910;PRJNA539184
9027924;PRJNA539191
9029509;PRJNA565937
9029511;PRJNA565937
9029515;PRJNA565937
9030037;PRJNA540844
9030157;PRJNA539200
9030162;PRJNA539201
9030165;PRJNA539202
9030166;PRJNA539199
9030191;PRJNA539211
9031399;PRJNA539222
9031402;PRJNA539224
9031600;PRJNA538988
9031607;PRJNA538991
9031609;PRJNA538986
9031610;PRJNA539002
9031615;PRJNA539001
9032218;PRJNA539727
9032219;PRJNA539548
9032227;PRJNA539730
9032228;PRJNA539731
9032308;PRJNA539733
9032312;PRJNA539732
9032440;PRJNA538961
9032444;PRJNA538966
9032450;PRJNA538965
9032451;PRJNA538968
9032459;PRJNA538970
9034356;PRJNA538952
9034706;PRJNA538945
9034847;PRJNA539011
9034850;PRJNA539017
9035312;PRJNA539018
9035613;PRJNA538972
9035968;PRJNA538973
9035998;PRJNA538975
9036005;PRJNA538979
9036015;PRJNA538978
9038519;PRJNA538980
9039210;PRJNA539031
9039215;PRJNA539036
9039675;PRJNA561675
9039678;PRJNA561675
9039687;PRJNA561675
9039945;PRJNA539038
9041094;PRJNA539041
9041095;PRJNA539045
9041096;PRJNA539042
9041104;PRJNA539054
9041105;PRJNA539053
9041107;PRJNA539052
9041578;PRJNA539063
9041579;PRJNA538949
9041581;PRJNA539061
9041582;PRJNA539060
9041811;PRJNA539080
9042913;PRJNA539162
9044966;PRJNA566399
9044971;PRJNA566399
9044972;PRJNA566399
9044973;PRJNA566399
9044978;PRJNA566399
9050522;PRJNA566436
9050527;PRJNA566436
9050593;PRJNA566436
9070211;PRJNA538998
9080158;PRJNA561193
9080159;PRJNA561193
9080163;PRJNA561193
9080166;PRJNA561193
9080174;PRJNA561193
9105350;PRJNA544407
9105355;PRJNA544407
9105361;PRJNA544407
9319559;PRJNA561995
9319560;PRJNA561995
9319567;PRJNA561995
9350261;PRJNA559862
9350262;PRJNA559862
9350272;PRJNA559862
9350274;PRJNA559862
9350276;PRJNA559862
9350277;PRJNA559862
9359005;PRJNA561903
9359010;PRJNA561903
9359015;PRJNA561903
9359020;PRJNA561903
9359021;PRJNA561903
9403074;PRJNA564215
9403075;PRJNA564215
9403076;PRJNA564215
9403086;PRJNA564215
9641299;PRJNA557323
9641303;PRJNA557323
9641304;PRJNA557323
9648060;PRJNA562498
9648061;PRJNA562498
9648065;PRJNA562498
9648066;PRJNA562498
9648071;PRJNA562498
9648073;PRJNA562498
9837215;PRJNA564726
9837217;PRJNA564726
9837220;PRJNA564726
9837221;PRJNA564726
9837222;PRJNA564726
9837223;PRJNA564726
9837227;PRJNA564726
9837231;PRJNA564726
9857098;PRJNA566937
9857121;PRJNA566626
9857122;PRJNA566625
9857125;PRJNA566628
9857129;PRJNA566629
9857137;PRJNA566644
9857140;PRJNA566645
9857141;PRJNA566643
9857145;PRJNA566646
9857148;PRJNA566651
9888472;PRJNA557323
9888475;PRJNA557323
9891647;PRJNA566933
9901805;PRJNA567447
9901925;PRJNA567430
9901926;PRJNA567574
9901929;PRJNA567576
9901930;PRJNA567443
9901938;PRJNA567434
9901940;PRJNA567437
9947767;PRJNA567469
9947768;PRJNA567472
9947769;PRJNA567478
9947775;PRJNA567457
9947780;PRJNA567470
9947788;PRJNA567467
9947799;PRJNA567466
9949758;PRJNA567584
9949759;PRJNA567585
9949761;PRJNA567597
9949766;PRJNA567588
9949767;PRJNA567596
9950213;PRJNA567625
9950215;PRJNA567626
9950220;PRJNA567630
9960113;PRJNA567235
9960116;PRJNA567241
9960218;PRJNA567245
9960926;PRJNA567256
9960928;PRJNA567257
9960929;PRJNA567255
9962610;PRJNA566654
9962618;PRJNA566659
9962619;PRJNA566663
9962621;PRJNA566662
9962623;PRJNA566665
9962781;PRJNA566544
9962789;PRJNA566550
9962790;PRJNA566549
9962792;PRJNA566552
9962796;PRJNA566830
9962806;PRJNA566835
9962807;PRJNA566841
9962813;PRJNA566847
9962815;PRJNA566846
9962822;PRJNA566854
9962828;PRJNA566874
9962832;PRJNA566877
9962835;PRJNA566878
9962872;PRJNA566884
9962875;PRJNA566888
9962969;PRJNA566889
9962979;PRJNA566897
9962985;PRJNA566898
9963008;PRJNA566907
9963009;PRJNA566909
9963015;PRJNA566749
9963026;PRJNA566751
9963027;PRJNA566750
9963029;PRJNA566753
9963049;PRJNA566762
9963062;PRJNA566763
9963149;PRJNA566768
9963151;PRJNA566771
9963154;PRJNA566769
9963273;PRJNA566779
9963276;PRJNA566778
9963281;PRJNA566746
9963288;PRJNA567117
9963290;PRJNA567120
9963357;PRJNA567023
9963362;PRJNA567017
9963409;PRJNA567018
9963415;PRJNA566913
9963418;PRJNA566920
9963420;PRJNA566918
9995060;PRJNA566790
9995064;PRJNA566787
9995148;PRJNA566801
9995149;PRJNA566798
9995151;PRJNA566800
9995153;PRJNA566802
9995168;PRJNA566807
9998929;PRJNA566981
9949760;PRJNA567586
5482250;PRJNA451372
5457468;PRJNA450524
8755593;PRJNA556782
9050533;PRJNA566436
10551361;PRJNA548861
7819636;PRJNA542187
9960927;PRJNA567258
8516158;PRJNA539386
8516176;PRJNA539387
11521472;PRJNA616732
8021279;PRJNA547686
8577808;PRJNA554313
9837224;PRJNA564726
7770844;PRJNA540508
7803797;PRJNA541485
8132212;PRJNA542494
7941604;PRJNA545043
7777042;PRJNA538241
8508334;PRJNA539352
5486049;PRJNA454289
5468659;PRJNA453158
8510096;PRJNA553023
5486055;PRJNA454289
9403081;PRJNA564215
9962799;PRJNA566836
8747416;PRJNA557827
11562932;PRJNA616770
7819638;PRJNA542187
8755747;PRJNA558209
9030199;PRJNA539209
9963010;PRJNA566905
8718586;PRJNA557254
9962837;PRJNA566879
8554835;PRJNA552585
9962804;PRJNA566839
9032222;PRJNA539005
11521715;PRJNA616880
8834560;PRJNA558558
9050523;PRJNA566436
5468648;PRJNA453158
10528126;PRJNA544320
9105362;PRJNA544407
8449130;PRJNA552082
9032461;PRJNA538956
9963202;PRJNA566775
5625123;PRJNA551379
8747683;PRJNA557830
9962777;PRJNA566540
8508787;PRJNA553620
9963277;PRJNA566910
7725791;PRJNA535526
7992901;PRJNA545958
7992900;PRJNA545958
9837219;PRJNA564726
9947801;PRJNA567488
8507217;PRJNA539345
7930199;PRJNA544877
7821343;PRJNA539129
9039206;PRJNA539025
8523678;PRJNA539251
10528124;PRJNA544320
8801432;PRJNA558849
9949818;PRJNA567606
10917681;PRJNA547686
7806819;PRJNA539716
8449129;PRJNA552082
9962797;PRJNA566831
7818461;PRJNA542111
9962968;PRJNA566894
8569286;PRJNA539177
5588946;PRJNA450295
9901935;PRJNA567439
7805437;PRJNA537857
8493095;PRJNA552945
7761840;PRJNA540351
9949777;PRJNA567601
8714559;PRJNA556302
8496271;PRJNA552122
8148983;PRJNA549661
7782182;PRJNA539171
8570334;PRJNA555320
8495397;PRJNA539172
8755751;PRJNA558209
7910317;PRJNA544288
8548742;PRJNA539468
7762105;PRJNA540328
9962613;PRJNA566653
9030034;PRJNA540844
8983777;PRJNA563204
7212016;PRJNA450340
7984630;PRJNA545795
7992913;PRJNA545958
8150483;PRJNA549459
7752094;PRJNA540190
8018937;PRJNA547595
9962834;PRJNA566876
9950099;PRJNA567607
9359008;PRJNA561903
8456176;PRJNA552210
9950219;PRJNA567631
8834547;PRJNA558558
8507261;PRJNA539346
7821120;PRJNA539131
5449241;PRJNA450594
8755558;PRJNA557612
7984619;PRJNA545795
9035405;PRJNA539020
8486776;PRJNA538257
9403088;PRJNA564215
9962798;PRJNA566832
8488249;PRJNA545121
9960916;PRJNA567248
11562918;PRJNA616759
8545988;PRJNA554501
8977320;PRJNA564442
7770843;PRJNA540508
7757715;PRJNA540388
5485454;PRJNA450612
9034699;PRJNA538943
9963301;PRJNA567021
7984635;PRJNA545795
8091322;PRJNA548320
8508538;PRJNA539363
8801429;PRJNA558849
8903890;PRJNA562118
7813259;PRJNA535970
7984623;PRJNA545795
9050530;PRJNA566436
9960117;PRJNA567238
9962768;PRJNA566669
8089245;PRJNA548424
7851918;PRJNA542898
7805358;PRJNA537858
8132209;PRJNA542494
8435729;PRJNA545251
9962988;PRJNA566896
8016916;PRJNA545695
9995173;PRJNA566809
9947794;PRJNA567483
8705037;PRJNA549968
7981764;PRJNA544767
8419321;PRJNA550441
9032305;PRJNA539734
7916318;PRJNA544518
9350269;PRJNA559862
8084677;PRJNA548313
7819640;PRJNA542187
8505026;PRJNA539505
7797862;PRJNA541440
7795646;PRJNA539552
5625122;PRJNA551379
8548012;PRJNA539276
8549581;PRJNA666900
8486835;PRJNA538261
8550357;PRJNA553023
8522351;PRJNA554305
8554826;PRJNA552585
8747412;PRJNA557827
9857096;PRJNA566620
9034849;PRJNA539016
5625124;PRJNA551379
8521308;PRJNA539445
7905558;PRJNA543961
11521796;PRJNA616932
8983770;PRJNA563204
8488799;PRJNA538848
9962615;PRJNA566655
8775112;PRJNA553505
8834557;PRJNA558558
7905111;PRJNA543861
9963152;PRJNA566772
5468655;PRJNA453158
8039096;PRJNA544938
5486053;PRJNA454289
8520504;PRJNA539424
9359017;PRJNA561903
8903888;PRJNA562118
7916327;PRJNA544518
8761581;PRJNA553505
5588954;PRJNA450295
8747418;PRJNA557827
7821692;PRJNA539704
8841193;PRJNA552163
8018950;PRJNA547595
5457522;PRJNA450524
334707;PRJNA190002
8842268;PRJNA559967
8548277;PRJNA539291
8435725;PRJNA545251
9403079;PRJNA564215
8091314;PRJNA548320
7780876;PRJNA539647
7860267;PRJNA540094
9030156;PRJNA539197
8518512;PRJNA539407
8506721;PRJNA539514
9962780;PRJNA566542
8554841;PRJNA552585
8729995;PRJNA557331
8832643;PRJNA559904
8926619;PRJNA562529
9039691;PRJNA561675
9403073;PRJNA564215
7920770;PRJNA543603
8148989;PRJNA549661
8510799;PRJNA539371
9963295;PRJNA567122
7821274;PRJNA539137
7211999;PRJNA450340
8488710;PRJNA539603
8456180;PRJNA552210
7992902;PRJNA545958
7860259;PRJNA540094
8730003;PRJNA557331
8519015;PRJNA539419
9888473;PRJNA557323
5625121;PRJNA551379
8755562;PRJNA557612
5605420;PRJNA453965
8545971;PRJNA554501
5588944;PRJNA450295
9039672;PRJNA561675
9032225;PRJNA539007
9857097;PRJNA566621
7984617;PRJNA545795
5468658;PRJNA453158
8554834;PRJNA552585
9403078;PRJNA564215
5453689;PRJNA450709
10551359;PRJNA548861
8488706;PRJNA539597
7984620;PRJNA545795
8508581;PRJNA539367
7819330;PRJNA542133
8494387;PRJNA539612
9027897;PRJNA539188
8548262;PRJNA554866
5482246;PRJNA451372
8523734;PRJNA539253
8016918;PRJNA545695
8410305;PRJNA550037
7941599;PRJNA545043
9960925;PRJNA567253
8488414;PRJNA535898
8775111;PRJNA553505
8867368;PRJNA560333
9359011;PRJNA561903
8705310;PRJNA556819
8522348;PRJNA554305
7795638;PRJNA541222
8536194;PRJNA547860
8755596;PRJNA556782
8419330;PRJNA550441
8435722;PRJNA545251
8132204;PRJNA542494
8496272;PRJNA552122
8494388;PRJNA539613
7905547;PRJNA543961
9041571;PRJNA539062
5457520;PRJNA450524
8522338;PRJNA554305
9039674;PRJNA561675
9995073;PRJNA566791
7790346;PRJNA536013
5453624;PRJNA450709
8010740;PRJNA546571
8124292;PRJNA549032
5355188;PRJNA444979
7819452;PRJNA542144
8834555;PRJNA558558
10528113;PRJNA544320
9050535;PRJNA566436
9963274;PRJNA566780
8084690;PRJNA548313
8977324;PRJNA564442
8518702;PRJNA539411
8148994;PRJNA549661
9039681;PRJNA561675
9950217;PRJNA567629
9015803;PRJNA565518
7860258;PRJNA540094
5486051;PRJNA454289
8536200;PRJNA547860
8832645;PRJNA559904
9891649;PRJNA566931
5410305;PRJNA450540
9901921;PRJNA567582
5412149;PRJNA450618
9034703;PRJNA538941
9403087;PRJNA564215
9837232;PRJNA564726
7819329;PRJNA542133
8772558;PRJNA558040
7783204;PRJNA535986
9963204;PRJNA566774
8016929;PRJNA545695
8554839;PRJNA552585
11562907;PRJNA616748
5482241;PRJNA451372
9962802;PRJNA566834
7992908;PRJNA545958
8577801;PRJNA554313
8597499;PRJNA553534
9901799;PRJNA567451
8567833;PRJNA539174
5485464;PRJNA450612
10551363;PRJNA548861
5491174;PRJNA451226
8449125;PRJNA552082
8125996;PRJNA548995
8747422;PRJNA557827
8548759;PRJNA539471
8506308;PRJNA550260
8009992;PRJNA545410
9027912;PRJNA539187
7860273;PRJNA540094
8521884;PRJNA539462
5625125;PRJNA551379
9962624;PRJNA566664
8508798;PRJNA553620
8154700;PRJNA549353
9648062;PRJNA562498
9031400;PRJNA539215
8039083;PRJNA544938
9857133;PRJNA566636
8510809;PRJNA539377
9947786;PRJNA567464
8126001;PRJNA548995
10528128;PRJNA544320
9901931;PRJNA567580
9350267;PRJNA559862
7794240;PRJNA539674
8132207;PRJNA542494
9963063;PRJNA566765
8597497;PRJNA553534
8010005;PRJNA545410
7752095;PRJNA540190
7916322;PRJNA544518
9963422;PRJNA566922
8148995;PRJNA549661
7793176;PRJNA541010
5453695;PRJNA450709
8126004;PRJNA548995
7790212;PRJNA536003
8577809;PRJNA554313
11555439;PRJNA616735
7821450;PRJNA539156
8834552;PRJNA558558
8775110;PRJNA553505
5485451;PRJNA450612
7789949;PRJNA538416
8494334;PRJNA535937
9044980;PRJNA566399
8412352;PRJNA548133
7794237;PRJNA539672
11562930;PRJNA616765
9359012;PRJNA561903
8129492;PRJNA549255
10551374;PRJNA548861
5449250;PRJNA450594
9039211;PRJNA539035
8775113;PRJNA553505
9031403;PRJNA539219
9041834;PRJNA539085
7777044;PRJNA538240
8522352;PRJNA554305
9901800;PRJNA567448
9044979;PRJNA566399
8910109;PRJNA562285
7886016;PRJNA543713
9044982;PRJNA566399
9648074;PRJNA562498
7819335;PRJNA542133
8448540;PRJNA539311
8154692;PRJNA549353
8834562;PRJNA558558
11576100;PRJNA616702
8925245;PRJNA560474
9035969;PRJNA538974
10551370;PRJNA548861
7886758;PRJNA542627
5625128;PRJNA551379
7885953;PRJNA543713
8937961;PRJNA563008
8495070;PRJNA537843
8523681;PRJNA539247
8516746;PRJNA539392
7790815;PRJNA536043
9648078;PRJNA562498
9962784;PRJNA566547
9641302;PRJNA557323
7920769;PRJNA543603
9034708;PRJNA538946
8755753;PRJNA558209
8435717;PRJNA545251
7781039;PRJNA539652
9080161;PRJNA561193
7886012;PRJNA543713
8523733;PRJNA539252
7819637;PRJNA542187
8517797;PRJNA552855
5429975;PRJNA444902
9888478;PRJNA557323
7860272;PRJNA540094
8925243;PRJNA560474
9947777;PRJNA567485
7825208;PRJNA539529
7886021;PRJNA543713
8554110;PRJNA555079
5449237;PRJNA450594
8977318;PRJNA564442
8508335;PRJNA539355
9998896;PRJNA566978
8983775;PRJNA563204
5354830;PRJNA444969
7851931;PRJNA542898
8903895;PRJNA562118
8983779;PRJNA563204
8578417;PRJNA555609
7905554;PRJNA543961
8449132;PRJNA552082
10551375;PRJNA548861
7794349;PRJNA539687
8506314;PRJNA550260
8549583;PRJNA666900
7805240;PRJNA537851
8106405;PRJNA547591
7819444;PRJNA542144
5453479;PRJNA451377
8841201;PRJNA552163
5486066;PRJNA454289
9949817;PRJNA567604
9034352;PRJNA538951
5588939;PRJNA450295
9962800;PRJNA566844
7905115;PRJNA543861
9036004;PRJNA538977
8448566;PRJNA539315
9857143;PRJNA566641
7816907;PRJNA542210
8435713;PRJNA545251
7825254;PRJNA539541
8834553;PRJNA558558
7809995;PRJNA535963
5410314;PRJNA450540
8705055;PRJNA549968
9032462;PRJNA538969
7813358;PRJNA535972
8139274;PRJNA549312
10528117;PRJNA544320
7916330;PRJNA544518
9901917;PRJNA567435
5453652;PRJNA450709
7757727;PRJNA540388
7821125;PRJNA539130
11521800;PRJNA616933
7819454;PRJNA542144
9319565;PRJNA561995
8419322;PRJNA550441
5411170;PRJNA450119
7905565;PRJNA543961
8506302;PRJNA550260
9050519;PRJNA566436
9403077;PRJNA564215
8705313;PRJNA556819
7797874;PRJNA541440
8520806;PRJNA539432
7777085;PRJNA538265
7886763;PRJNA542627
7770855;PRJNA540508
11521729;PRJNA616898
9901804;PRJNA567446
8926628;PRJNA562529
7910314;PRJNA544288
7984626;PRJNA545795
7797876;PRJNA541440
8772564;PRJNA558040
5453632;PRJNA450709
8536193;PRJNA547860
8747675;PRJNA557830
8018942;PRJNA547595
8139273;PRJNA549312
8548023;PRJNA539285
9962805;PRJNA566838
8977923;PRJNA564462
9029510;PRJNA565937
8154689;PRJNA549353
7789762;PRJNA541100
8132213;PRJNA542494
9995126;PRJNA566797
7806464;PRJNA539724
8910098;PRJNA562285
8834549;PRJNA558558
8495049;PRJNA539619
8039084;PRJNA544938
8493099;PRJNA552945
8519018;PRJNA539417
8548713;PRJNA539307
8925235;PRJNA560474
9350275;PRJNA559862
11563035;PRJNA616785
7770847;PRJNA540508
8106395;PRJNA547591
7725792;PRJNA535526
8132201;PRJNA542494
8554121;PRJNA555079
9963278;PRJNA566743
7757721;PRJNA540388
5486054;PRJNA454289
8977909;PRJNA564462
7798306;PRJNA539582
9962616;PRJNA566657
8904172;PRJNA561450
5453476;PRJNA451377
8545901;PRJNA539283
7984622;PRJNA545795
7818107;PRJNA539629
10917677;PRJNA547686
7797860;PRJNA541440
5486056;PRJNA454289
7905552;PRJNA543961
8842262;PRJNA559967
7825207;PRJNA539527
9963012;PRJNA566904
8493094;PRJNA552945
8494364;PRJNA535939
7851926;PRJNA542898
9962980;PRJNA566892
5453481;PRJNA451377
8508794;PRJNA553620
9962986;PRJNA566891
7916331;PRJNA544518
8523677;PRJNA539250
7819628;PRJNA542187
9039145;PRJNA538981
7757729;PRJNA540388
8577797;PRJNA554313
8519035;PRJNA539421
5429882;PRJNA444898
7790585;PRJNA536032
7819642;PRJNA542187
8009999;PRJNA545410
10917682;PRJNA547686
7800515;PRJNA535946
8488255;PRJNA545121
8488773;PRJNA538840
5449234;PRJNA450594
8010742;PRJNA546571
9962876;PRJNA566883
5468667;PRJNA453158
11521470;PRJNA616731
8841198;PRJNA552163
11562936;PRJNA616771
7819331;PRJNA542133
5449249;PRJNA450594
9857130;PRJNA566633
5410300;PRJNA450540
7860265;PRJNA540094
8488247;PRJNA545121
7819260;PRJNA539115
8493081;PRJNA552945
8925210;PRJNA560178
8705040;PRJNA549968
9962769;PRJNA566671
9648070;PRJNA562498
8554842;PRJNA552585
8834551;PRJNA558558
8977323;PRJNA564442
9030193;PRJNA539206
5411179;PRJNA450122
9359006;PRJNA561903
9041479;PRJNA539055
7777156;PRJNA538271
8506307;PRJNA550260
8718585;PRJNA557254
9039677;PRJNA561675
11555557;PRJNA616738
8449140;PRJNA552082
8084681;PRJNA548313
8912956;PRJNA562087
5412150;PRJNA450618
5485466;PRJNA450612
8132210;PRJNA542494
8903884;PRJNA562118
5453745;PRJNA450709
7761837;PRJNA540340
7789761;PRJNA541100
7837348;PRJNA541820
7886751;PRJNA542627
10528111;PRJNA544320
8154694;PRJNA549353
7916320;PRJNA544518
7821446;PRJNA539154
5491177;PRJNA451226
8597498;PRJNA553534
9950177;PRJNA567618
7851923;PRJNA542898
7725803;PRJNA535526
5588948;PRJNA450295
7789763;PRJNA541100
9960921;PRJNA567251
8495036;PRJNA539618
8801431;PRJNA558849
8150487;PRJNA549459
9901922;PRJNA567581
5411183;PRJNA450116
8747679;PRJNA557830
9080164;PRJNA561193
8834564;PRJNA558558
11562948;PRJNA616777
8554836;PRJNA552585
9995123;PRJNA566796
9901934;PRJNA567441
10528127;PRJNA544320
8554116;PRJNA555079
9962771;PRJNA566538
9080155;PRJNA561193
7797936;PRJNA539579
8562806;PRJNA539491
7776984;PRJNA539634
7796433;PRJNA539587
8139271;PRJNA549312
8521398;PRJNA539450
9648072;PRJNA562498
9015801;PRJNA565518
7860274;PRJNA540094
8555304;PRJNA539487
5449246;PRJNA450594
9350265;PRJNA559862
5489897;PRJNA454077
7992903;PRJNA545958
9949775;PRJNA567602
8494330;PRJNA535931
7818431;PRJNA539098
9044970;PRJNA566399
9032458;PRJNA538963
8449131;PRJNA552082
9031608;PRJNA538990
7825253;PRJNA539540
9995124;PRJNA566795
336248;PRJNA190601
9962983;PRJNA566890
8449525;PRJNA539320
9962788;PRJNA566826
8834550;PRJNA558558
8873205;PRJNA560663
8834566;PRJNA558558
9962793;PRJNA566551
7816911;PRJNA542210